time	gasCreateUserMean(2)	gasCreateUserStd(3)	gasCreateProposalMean(4)	gasCreateProposalStd(5)	gasVoteMean(6)	gasVoteStd(7)	gasTotalMean(8)	gasTotalStd(9)	createProposalMean(10)	createProposalStd(11)	createUserMean(12)	createUserStd(13)	voteMean(14)	voteStd(15)	totProposal(16)	avgProposal(17)	minProposal(18)	maxProposal(19)	stdProposal(20)	totVote(21)	avgVote(22)	minVote(23)	maxVote(24)	stdVote(25)	totUser(26)	avgUser(27)	minUser(28)	maxUser(29)	stdUser(30)	totAggrProposal(31)	totAggrVote(32)	totAggrUser(33)
0	0.0	0.0	0.0	0.0	0.0	0.0	0.0	0.0	0.0	0.0	0.0	0.0	0.0	0.0	0	0.0	0	0	0.0	0	0.0	0	0	0.0	0	0.0	0	0	0.0	0	0	0
3600	0.0	0.0	0.0	0.0	0.0	0.0	0.0	0.0	0.0	0.0	0.0	0.0	0.0	0.0	0	0.0	0	0	0.0	0	0.0	0	0	0.0	0	0.0	0	0	0.0	0	0	0
7200	0.0	0.0	0.0	0.0	0.0	0.0	0.0	0.0	0.0	0.0	0.0	0.0	0.0	0.0	0	0.0	0	0	0.0	0	0.0	0	0	0.0	0	0.0	0	0	0.0	0	0	0
10800	0.0	0.0	0.0	0.0	0.0	0.0	0.0	0.0	0.0	0.0	0.0	0.0	0.0	0.0	0	0.0	0	0	0.0	0	0.0	0	0	0.0	0	0.0	0	0	0.0	0	0	0
14400	0.0	0.0	0.0	0.0	0.0	0.0	0.0	0.0	0.0	0.0	0.0	0.0	0.0	0.0	0	0.0	0	0	0.0	0	0.0	0	0	0.0	0	0.0	0	0	0.0	0	0	0
18000	0.0	0.0	0.0	0.0	0.0	0.0	0.0	0.0	0.0	0.0	0.0	0.0	0.0	0.0	0	0.0	0	0	0.0	0	0.0	0	0	0.0	0	0.0	0	0	0.0	0	0	0
21600	0.0	0.0	0.0	0.0	0.0	0.0	0.0	0.0	0.0	0.0	0.0	0.0	0.0	0.0	0	0.0	0	0	0.0	0	0.0	0	0	0.0	0	0.0	0	0	0.0	0	0	0
25200	0.0	0.0	0.0	0.0	0.0	0.0	0.0	0.0	0.0	0.0	0.0	0.0	0.0	0.0	0	0.0	0	0	0.0	0	0.0	0	0	0.0	0	0.0	0	0	0.0	0	0	0
28800	0.0	0.0	0.0	0.0	0.0	0.0	0.0	0.0	0.0	0.0	0.0	0.0	0.0	0.0	0	0.0	0	0	0.0	0	0.0	0	0	0.0	0	0.0	0	0	0.0	0	0	0
32400	0.0	0.0	0.0	0.0	0.0	0.0	0.0	0.0	0.0	0.0	0.0	0.0	0.0	0.0	0	0.0	0	0	0.0	0	0.0	0	0	0.0	0	0.0	0	0	0.0	0	0	0
36000	0.0	0.0	0.0	0.0	0.0	0.0	0.0	0.0	0.0	0.0	0.0	0.0	0.0	0.0	0	0.0	0	0	0.0	0	0.0	0	0	0.0	0	0.0	0	0	0.0	0	0	0
39600	0.0	0.0	0.0	0.0	0.0	0.0	0.0	0.0	0.0	0.0	0.0	0.0	0.0	0.0	0	0.0	0	0	0.0	0	0.0	0	0	0.0	0	0.0	0	0	0.0	0	0	0
43200	0.0	0.0	0.0	0.0	0.0	0.0	0.0	0.0	0.0	0.0	0.0	0.0	0.0	0.0	0	0.0	0	0	0.0	0	0.0	0	0	0.0	0	0.0	0	0	0.0	0	0	0
46800	0.0	0.0	0.0	0.0	0.0	0.0	0.0	0.0	0.0	0.0	0.0	0.0	0.0	0.0	0	0.0	0	0	0.0	0	0.0	0	0	0.0	0	0.0	0	0	0.0	0	0	0
50400	0.0	0.0	0.0	0.0	0.0	0.0	0.0	0.0	0.0	0.0	0.0	0.0	0.0	0.0	0	0.0	0	0	0.0	0	0.0	0	0	0.0	0	0.0	0	0	0.0	0	0	0
54000	0.0	0.0	0.0	0.0	0.0	0.0	0.0	0.0	0.0	0.0	0.0	0.0	0.0	0.0	0	0.0	0	0	0.0	0	0.0	0	0	0.0	0	0.0	0	0	0.0	0	0	0
57600	0.0	0.0	0.0	0.0	0.0	0.0	0.0	0.0	0.0	0.0	0.0	0.0	0.0	0.0	0	0.0	0	0	0.0	0	0.0	0	0	0.0	0	0.0	0	0	0.0	0	0	0
61200	0.0	0.0	0.0	0.0	0.0	0.0	0.0	0.0	0.0	0.0	0.0	0.0	0.0	0.0	0	0.0	0	0	0.0	0	0.0	0	0	0.0	0	0.0	0	0	0.0	0	0	0
64800	0.0	0.0	0.0	0.0	0.0	0.0	0.0	0.0	0.0	0.0	0.0	0.0	0.0	0.0	0	0.0	0	0	0.0	0	0.0	0	0	0.0	0	0.0	0	0	0.0	0	0	0
68400	0.0	0.0	0.0	0.0	0.0	0.0	0.0	0.0	0.0	0.0	0.0	0.0	0.0	0.0	0	0.0	0	0	0.0	0	0.0	0	0	0.0	0	0.0	0	0	0.0	0	0	0
72000	0.0	0.0	0.0	0.0	0.0	0.0	0.0	0.0	0.0	0.0	0.0	0.0	0.0	0.0	0	0.0	0	0	0.0	0	0.0	0	0	0.0	0	0.0	0	0	0.0	0	0	0
75600	599.4	180.3536525829183	0.0	0.0	0.0	0.0	599.4	180.3536525829183	0.0	0.0	5.4	1.624807680927192	0.0	0.0	0	0.0	0	0	0.0	0	0.0	0	0	0.0	27	5.4	3	8	1.624807680927192	0	0	27
79200	3951.6	484.34681788982573	0.0	0.0	0.0	0.0	3951.6	484.34681788982573	0.0	0.0	41.0	4.147288270665544	0.0	0.0	0	0.0	0	0	0.0	0	0.0	0	0	0.0	205	41.0	35	45	4.147288270665544	0	0	178
82800	6149.4	1146.259761136192	0.0	0.0	0.0	0.0	6149.4	1146.259761136192	0.0	0.0	96.4	8.890444308357148	0.0	0.0	0	0.0	0	0	0.0	0	0.0	0	0	0.0	482	96.4	85	108	8.890444308357148	0	0	277
86400	8236.2	1162.907115809341	0.0	0.0	0.0	0.0	8236.2	1162.907115809341	0.0	0.0	170.6	9.436100889668358	0.0	0.0	0	0.0	0	0	0.0	0	0.0	0	0	0.0	853	170.6	157	184	9.436100889668358	0	0	371
90000	10101.0	460.34899804387544	0.0	0.0	0.0	0.0	10101.0	460.34899804387544	0.0	0.0	261.6	8.522910301065005	0.0	0.0	0	0.0	0	0	0.0	0	0.0	0	0	0.0	1308	261.6	250	274	8.522910301065005	0	0	455
93600	11055.6	953.825267016973	0.0	0.0	0.0	0.0	11055.6	953.825267016973	0.0	0.0	361.2	7.833262411026455	0.0	0.0	0	0.0	0	0	0.0	0	0.0	0	0	0.0	1806	361.2	352	371	7.833262411026455	0	0	498
97200	12765.0	975.2851890601025	0.0	0.0	0.0	0.0	12765.0	975.2851890601025	0.0	0.0	476.2	9.282241108697834	0.0	0.0	0	0.0	0	0	0.0	0	0.0	0	0	0.0	2381	476.2	467	493	9.282241108697834	0	0	575
100800	13186.8	1143.6771222683437	0.0	0.0	0.0	0.0	13186.8	1143.6771222683437	0.0	0.0	595.0	13.784048752090222	0.0	0.0	0	0.0	0	0	0.0	0	0.0	0	0	0.0	2975	595.0	578	610	13.784048752090222	0	0	594
104400	14363.4	568.5974322840369	0.0	0.0	0.0	0.0	14363.4	568.5974322840369	0.0	0.0	724.4	16.451139778143034	0.0	0.0	0	0.0	0	0	0.0	0	0.0	0	0	0.0	3622	724.4	700	744	16.451139778143034	0	0	647
108000	13830.6	1367.7794559065435	0.0	0.0	0.0	0.0	13830.6	1367.7794559065435	0.0	0.0	849.0	25.155516293648198	0.0	0.0	0	0.0	0	0	0.0	0	0.0	0	0	0.0	4245	849.0	814	885	25.155516293648198	0	0	623
111600	14607.6	564.2469672049642	0.0	0.0	0.0	0.0	14607.6	564.2469672049642	0.0	0.0	980.6	26.96367927416435	0.0	0.0	0	0.0	0	0	0.0	0	0.0	0	0	0.0	4903	980.6	942	1018	26.96367927416435	0	0	658
115200	14252.4	707.6195588026097	0.0	0.0	0.0	0.0	14252.4	707.6195588026097	0.0	0.0	1109.0	24.851559307214508	0.0	0.0	0	0.0	0	0	0.0	0	0.0	0	0	0.0	5545	1109.0	1080	1142	24.851559307214508	0	0	642
118800	14141.4	463.54960899562843	0.0	0.0	0.0	0.0	14141.4	463.54960899562843	0.0	0.0	1236.4	22.817537115122658	0.0	0.0	0	0.0	0	0	0.0	0	0.0	0	0	0.0	6182	1236.4	1210	1262	22.817537115122658	0	0	637
122400	14607.6	1144.1079669331912	0.0	0.0	0.0	0.0	14607.6	1144.1079669331912	0.0	0.0	1368.0	13.856406460551018	0.0	0.0	0	0.0	0	0	0.0	0	0.0	0	0	0.0	6840	1368.0	1350	1387	13.856406460551018	0	0	658
126000	13453.2	953.3084285791247	0.0	0.0	0.0	0.0	13453.2	953.3084285791247	0.0	0.0	1489.2	15.406492138056604	0.0	0.0	0	0.0	0	0	0.0	0	0.0	0	0	0.0	7446	1489.2	1469	1508	15.406492138056604	0	0	606
129600	13653.0	769.0305585605815	0.0	0.0	0.0	0.0	13653.0	769.0305585605815	0.0	0.0	1612.2	18.015548839821673	0.0	0.0	0	0.0	0	0	0.0	0	0.0	0	0	0.0	8061	1612.2	1583	1636	18.015548839821673	0	0	615
133200	12365.4	1052.1020102632635	0.0	0.0	0.0	0.0	12365.4	1052.1020102632635	0.0	0.0	1723.6	21.63885394377438	0.0	0.0	0	0.0	0	0	0.0	0	0.0	0	0	0.0	8618	1723.6	1690	1755	21.63885394377438	0	0	557
136800	11788.2	1222.8150146281325	0.0	0.0	0.0	0.0	11788.2	1222.8150146281325	0.0	0.0	1829.8	18.79787222001469	0.0	0.0	0	0.0	0	0	0.0	0	0.0	0	0	0.0	9149	1829.8	1795	1848	18.79787222001469	0	0	531
140400	10789.2	483.3282114671147	0.0	0.0	0.0	0.0	10789.2	483.3282114671147	0.0	0.0	1927.0	18.5903200617956	0.0	0.0	0	0.0	0	0	0.0	0	0.0	0	0	0.0	9635	1927.0	1896	1950	18.5903200617956	0	0	486
144000	10700.4	789.8958412347796	0.0	0.0	0.0	0.0	10700.4	789.8958412347796	0.0	0.0	2023.4	25.42911716910361	0.0	0.0	0	0.0	0	0	0.0	0	0.0	0	0	0.0	10117	2023.4	1980	2056	25.42911716910361	0	0	482
147600	11033.4	1325.6950780628251	0.0	0.0	0.0	0.0	11033.4	1325.6950780628251	0.0	0.0	2122.8	34.306850627826506	0.0	0.0	0	0.0	0	0	0.0	0	0.0	0	0	0.0	10614	2122.8	2068	2172	34.306850627826506	0	0	497
151200	8702.4	602.2709025015238	0.0	0.0	0.0	0.0	8702.4	602.2709025015238	0.0	0.0	2201.2	36.50972473191218	0.0	0.0	0	0.0	0	0	0.0	0	0.0	0	0	0.0	11006	2201.2	2143	2250	36.50972473191218	0	0	392
154800	7703.4	823.4973224000186	0.0	0.0	0.0	0.0	7703.4	823.4973224000186	0.0	0.0	2270.6	42.94461549484406	0.0	0.0	0	0.0	0	0	0.0	0	0.0	0	0	0.0	11353	2270.6	2199	2322	42.94461549484406	0	0	347
158400	7148.4	878.5143368209765	0.0	0.0	0.0	0.0	7148.4	878.5143368209765	0.0	0.0	2335.0	40.57585488933043	0.0	0.0	0	0.0	0	0	0.0	0	0.0	0	0	0.0	11675	2335.0	2269	2375	40.57585488933043	0	0	322
162000	5971.8	309.2102197534875	0.0	0.0	0.0	0.0	5971.8	309.2102197534875	0.0	0.0	2388.8	39.59494917284274	0.0	0.0	0	0.0	0	0	0.0	0	0.0	0	0	0.0	11944	2388.8	2322	2427	39.59494917284274	0	0	269
165600	4595.4	400.8314358929449	0.0	0.0	0.0	0.0	4595.4	400.8314358929449	0.0	0.0	2430.2	38.32179536503998	0.0	0.0	0	0.0	0	0	0.0	0	0.0	0	0	0.0	12151	2430.2	2369	2469	38.32179536503998	0	0	207
169200	3507.6	494.4174754193059	0.0	0.0	0.0	0.0	3507.6	494.4174754193059	0.0	0.0	2461.8	42.163491316540664	0.0	0.0	0	0.0	0	0	0.0	0	0.0	0	0	0.0	12309	2461.8	2394	2504	42.163491316540664	0	0	158
172800	2242.2	637.2598841916852	0.0	0.0	0.0	0.0	2242.2	637.2598841916852	0.0	0.0	2482.0	38.67298798903441	0.0	0.0	0	0.0	0	0	0.0	0	0.0	0	0	0.0	12410	2482.0	2424	2527	38.67298798903441	0	0	101
176400	1354.2	215.23698566928502	0.0	0.0	0.0	0.0	1354.2	215.23698566928502	0.0	0.0	2494.2	38.71640479176753	0.0	0.0	0	0.0	0	0	0.0	0	0.0	0	0	0.0	12471	2494.2	2435	2541	38.71640479176753	0	0	61
180000	266.4	166.129587972763	0.0	0.0	0.0	0.0	266.4	166.129587972763	0.0	0.0	2496.6	38.25493432225443	0.0	0.0	0	0.0	0	0	0.0	0	0.0	0	0	0.0	12483	2496.6	2437	2543	38.25493432225443	0	0	12
183600	0.0	0.0	0.0	0.0	0.0	0.0	0.0	0.0	0.0	0.0	2496.6	38.25493432225443	0.0	0.0	0	0.0	0	0	0.0	0	0.0	0	0	0.0	12483	2496.6	2437	2543	38.25493432225443	0	0	0
187200	0.0	0.0	0.0	0.0	0.0	0.0	0.0	0.0	0.0	0.0	2496.6	38.25493432225443	0.0	0.0	0	0.0	0	0	0.0	0	0.0	0	0	0.0	12483	2496.6	2437	2543	38.25493432225443	0	0	0
190800	0.0	0.0	0.0	0.0	0.0	0.0	0.0	0.0	0.0	0.0	2496.6	38.25493432225443	0.0	0.0	0	0.0	0	0	0.0	0	0.0	0	0	0.0	12483	2496.6	2437	2543	38.25493432225443	0	0	0
194400	0.0	0.0	0.0	0.0	0.0	0.0	0.0	0.0	0.0	0.0	2496.6	38.25493432225443	0.0	0.0	0	0.0	0	0	0.0	0	0.0	0	0	0.0	12483	2496.6	2437	2543	38.25493432225443	0	0	0
198000	0.0	0.0	0.0	0.0	0.0	0.0	0.0	0.0	0.0	0.0	2496.6	38.25493432225443	0.0	0.0	0	0.0	0	0	0.0	0	0.0	0	0	0.0	12483	2496.6	2437	2543	38.25493432225443	0	0	0
201600	0.0	0.0	0.0	0.0	0.0	0.0	0.0	0.0	0.0	0.0	2496.6	38.25493432225443	0.0	0.0	0	0.0	0	0	0.0	0	0.0	0	0	0.0	12483	2496.6	2437	2543	38.25493432225443	0	0	0
205200	0.0	0.0	0.0	0.0	0.0	0.0	0.0	0.0	0.0	0.0	2496.6	38.25493432225443	0.0	0.0	0	0.0	0	0	0.0	0	0.0	0	0	0.0	12483	2496.6	2437	2543	38.25493432225443	0	0	0
208800	0.0	0.0	0.0	0.0	0.0	0.0	0.0	0.0	0.0	0.0	2496.6	38.25493432225443	0.0	0.0	0	0.0	0	0	0.0	0	0.0	0	0	0.0	12483	2496.6	2437	2543	38.25493432225443	0	0	0
212400	0.0	0.0	0.0	0.0	0.0	0.0	0.0	0.0	0.0	0.0	2496.6	38.25493432225443	0.0	0.0	0	0.0	0	0	0.0	0	0.0	0	0	0.0	12483	2496.6	2437	2543	38.25493432225443	0	0	0
216000	0.0	0.0	0.0	0.0	0.0	0.0	0.0	0.0	0.0	0.0	2496.6	38.25493432225443	0.0	0.0	0	0.0	0	0	0.0	0	0.0	0	0	0.0	12483	2496.6	2437	2543	38.25493432225443	0	0	0
219600	0.0	0.0	0.0	0.0	0.0	0.0	0.0	0.0	0.0	0.0	2496.6	38.25493432225443	0.0	0.0	0	0.0	0	0	0.0	0	0.0	0	0	0.0	12483	2496.6	2437	2543	38.25493432225443	0	0	0
223200	0.0	0.0	2222.2	4444.4	0.0	0.0	2222.2	4444.4	0.2	0.4000000000000001	2496.6	38.25493432225443	0.0	0.0	1	0.2	0	1	0.4000000000000001	0	0.0	0	0	0.0	12483	2496.6	2437	2543	38.25493432225443	1	0	0
226800	0.0	0.0	0.0	0.0	0.0	0.0	0.0	0.0	0.2	0.4000000000000001	2496.6	38.25493432225443	0.0	0.0	1	0.2	0	1	0.4000000000000001	0	0.0	0	0	0.0	12483	2496.6	2437	2543	38.25493432225443	0	0	0
230400	0.0	0.0	2222.2	4444.4	0.0	0.0	2222.2	4444.4	0.4	0.8000000000000002	2496.6	38.25493432225443	0.0	0.0	2	0.4	0	2	0.8000000000000002	0	0.0	0	0	0.0	12483	2496.6	2437	2543	38.25493432225443	1	0	0
234000	0.0	0.0	4444.4	5443.2561064127785	0.0	0.0	4444.4	5443.2561064127785	0.8	1.1661903789690602	2496.6	38.25493432225443	0.0	0.0	4	0.8	0	3	1.1661903789690602	0	0.0	0	0	0.0	12483	2496.6	2437	2543	38.25493432225443	2	0	0
237600	0.0	0.0	2222.2	4444.4	0.0	0.0	2222.2	4444.4	1.0	1.0954451150103321	2496.6	38.25493432225443	0.0	0.0	5	1.0	0	3	1.0954451150103321	0	0.0	0	0	0.0	12483	2496.6	2437	2543	38.25493432225443	1	0	0
241200	0.0	0.0	0.0	0.0	0.0	0.0	0.0	0.0	1.0	1.0954451150103321	2496.6	38.25493432225443	0.0	0.0	5	1.0	0	3	1.0954451150103321	0	0.0	0	0	0.0	12483	2496.6	2437	2543	38.25493432225443	0	0	0
244800	0.0	0.0	15555.4	11331.041163105885	8.4	16.799999999999997	15563.8	11319.516127467641	2.4	0.8	2496.6	38.25493432225443	2.8	5.6	12	2.4	1	3	0.8	14	2.8	0	14	5.6	12483	2496.6	2437	2543	38.25493432225443	7	14	0
248400	0.0	0.0	26666.4	8888.800000000001	88.8	177.6	26755.2	8956.91327188111	4.8	0.7483314773547882	2496.6	38.25493432225443	32.4	64.8	24	4.8	4	6	0.7483314773547882	162	32.4	0	162	64.8	12483	2496.6	2437	2543	38.25493432225443	12	148	0
252000	0.0	0.0	37777.4	28631.044190528573	187.2	374.3999999999999	37964.6	28458.618494930495	8.2	2.315167380558045	2496.6	38.25493432225443	94.8	189.60000000000002	41	8.2	5	12	2.315167380558045	474	94.8	0	474	189.60000000000002	12483	2496.6	2437	2543	38.25493432225443	17	312	0
255600	0.0	0.0	37777.4	8888.800000000001	330.0	652.5258615564597	38107.4	8742.801921580976	11.6	3.006659275674582	2496.6	38.25493432225443	204.8	407.10460572192017	58	11.6	7	16	3.006659275674582	1024	204.8	0	1019	407.10460572192017	12483	2496.6	2437	2543	38.25493432225443	17	550	0
259200	0.0	0.0	46666.2	30951.66442955855	487.2	792.6510960063071	47153.4	30841.993571103667	15.8	4.48998886412873	2496.6	38.25493432225443	367.2	668.4783915729812	79	15.8	8	21	4.48998886412873	1836	367.2	0	1700	668.4783915729812	12483	2496.6	2437	2543	38.25493432225443	21	812	0
262800	0.0	0.0	84443.6	31894.570149791954	667.2	848.4551608659116	85110.8	31454.00505754394	23.4	6.651315659326356	2496.6	38.25493432225443	589.6	941.0899213146427	117	23.4	13	31	6.651315659326356	2948	589.6	0	2444	941.0899213146427	12483	2496.6	2437	2543	38.25493432225443	38	1112	0
266400	0.0	0.0	97776.8	16329.768319238334	510.6	454.68125098798606	98287.4	16169.233829715	32.2	6.968500556073739	2496.6	38.25493432225443	759.8	924.495624651626	161	32.2	22	41	6.968500556073739	3799	759.8	54	2509	924.495624651626	12483	2496.6	2437	2543	38.25493432225443	44	851	0
270000	0.0	0.0	122221.0	42163.28049855703	966.0	633.5840907093549	123187.0	41632.168254848315	43.2	8.28009661779378	2496.6	38.25493432225443	1081.8	851.2274431666309	216	43.2	30	51	8.28009661779378	5409	1081.8	304	2531	851.2274431666309	12483	2496.6	2437	2543	38.25493432225443	55	1610	0
273600	0.0	0.0	108887.8	26666.399999999998	1335.6	620.7822806749562	110223.4	26170.311275183565	53.0	10.373041983911952	2496.6	38.25493432225443	1527.0	805.3962999666686	265	53.0	38	63	10.373041983911952	7635	1527.0	686	2656	805.3962999666686	12483	2496.6	2437	2543	38.25493432225443	49	2226	0
277200	0.0	0.0	75554.8	12957.541300725226	1299.0	642.1261558292109	76853.8	13083.456751180094	59.8	9.474175425861608	2496.6	38.25493432225443	1960.0	631.559023369946	299	59.8	46	70	9.474175425861608	9800	1960.0	1243	2750	631.559023369946	12483	2496.6	2437	2543	38.25493432225443	34	2165	0
280800	0.0	0.0	104443.4	26850.94476252186	1210.2	907.965946497995	105653.6	27597.82428091026	69.2	11.05260150371848	2496.6	38.25493432225443	2363.4	344.1264883730981	346	69.2	51	80	11.05260150371848	11817	2363.4	1948	2847	344.1264883730981	12483	2496.6	2437	2543	38.25493432225443	47	2017	0
284400	0.0	0.0	86665.8	27576.776776120878	826.2	648.9814789344916	87492.0	27049.80751132991	77.0	9.57078889120432	2496.6	38.25493432225443	2638.8	253.81048047706776	385	77.0	61	86	9.57078889120432	13194	2638.8	2437	3133	253.81048047706776	12483	2496.6	2437	2543	38.25493432225443	39	1377	0
288000	0.0	0.0	122221.0	25336.978296553047	407.4	476.2405274648515	122628.4	25484.424031945473	88.0	9.09945053286186	2496.6	38.25493432225443	2774.6	409.2825918604407	440	88.0	72	97	9.09945053286186	13873	2774.6	2444	3557	409.2825918604407	12483	2496.6	2437	2543	38.25493432225443	55	679	0
291600	0.0	0.0	71110.4	13333.199999999999	574.8	428.15202907378585	71685.2	13519.670416101128	94.4	9.046546302318914	2496.6	38.25493432225443	2966.2	549.9983272701836	472	94.4	79	104	9.046546302318914	14831	2966.2	2512	4004	549.9983272701836	12483	2496.6	2437	2543	38.25493432225443	32	958	0
295200	0.0	0.0	104443.4	20607.835020690552	814.8	461.3083133870449	105258.2	20283.321664855586	103.8	7.782030583337488	2496.6	38.25493432225443	3237.8	702.8853107015398	519	103.8	90	113	7.782030583337488	16189	3237.8	2645	4558	702.8853107015398	12483	2496.6	2437	2543	38.25493432225443	47	1358	0
298800	0.0	0.0	115554.4	32659.53663847667	918.0	339.45898132174966	116472.4	32712.085421752003	114.2	6.881860213634101	2496.6	38.25493432225443	3543.8	814.5330932503601	571	114.2	101	120	6.881860213634101	17719	3543.8	2855	5066	814.5330932503601	12483	2496.6	2437	2543	38.25493432225443	52	1530	0
302400	0.0	0.0	86665.8	36783.95517287395	906.0	245.75109358861457	87571.8	36898.59529250402	122.0	7.127411872482185	2496.6	38.25493432225443	3845.8	785.6532059375816	610	122.0	108	128	7.127411872482185	19229	3845.8	3124	5254	785.6532059375816	12483	2496.6	2437	2543	38.25493432225443	39	1510	0
306000	0.0	0.0	88888.0	9937.980519200066	969.6	426.8585714261809	89857.6	10180.32177487529	130.0	6.6332495807108	2496.6	38.25493432225443	4169.0	716.6296114451314	650	130.0	117	135	6.6332495807108	20845	4169.0	3438	5331	716.6296114451314	12483	2496.6	2437	2543	38.25493432225443	40	1616	0
309600	0.0	0.0	113332.2	29312.83122047408	1188.6	354.93131729955866	114520.8	29269.87205575043	140.2	6.523802572120036	2496.6	38.25493432225443	4565.2	646.4826061078519	701	140.2	128	147	6.523802572120036	22826	4565.2	3859	5499	646.4826061078519	12483	2496.6	2437	2543	38.25493432225443	51	1981	0
313200	0.0	0.0	108887.8	27576.776776120878	1087.2	456.77145269817373	109975.0	27427.46813688788	150.0	7.26636084983398	2496.6	38.25493432225443	4927.6	533.5565949362823	750	150.0	137	156	7.26636084983398	24638	4927.6	4276	5704	533.5565949362823	12483	2496.6	2437	2543	38.25493432225443	49	1812	0
316800	0.0	0.0	99999.0	32202.73740538217	1006.8	444.24560774418467	101005.8	32076.16561498584	159.0	7.9498427657407165	2496.6	38.25493432225443	5263.2	445.02377464580474	795	159.0	146	170	7.9498427657407165	26316	5263.2	4786	6020	445.02377464580474	12483	2496.6	2437	2543	38.25493432225443	45	1678	0
320400	0.0	0.0	113332.2	28458.045360846554	789.0	208.74482029501954	114121.2	28551.19146655705	169.2	10.107423014794621	2496.6	38.25493432225443	5526.2	478.9398292061332	846	169.2	154	184	10.107423014794621	27631	5526.2	5052	6386	478.9398292061332	12483	2496.6	2437	2543	38.25493432225443	51	1315	0
324000	0.0	0.0	75554.8	8314.711044889053	691.2	235.46158922422993	76246.0	8158.95549687581	176.0	10.21763181955584	2496.6	38.25493432225443	5756.6	557.2850617054077	880	176.0	160	190	10.21763181955584	28783	5756.6	5205	6759	557.2850617054077	12483	2496.6	2437	2543	38.25493432225443	34	1152	0
327600	0.0	0.0	95554.6	27755.269104081843	804.6	264.48637015922014	96359.2	27610.209411737535	184.6	9.666436778875658	2496.6	38.25493432225443	6024.8	643.8911088064503	923	184.6	168	196	9.666436778875658	30124	6024.8	5403	7184	643.8911088064503	12483	2496.6	2437	2543	38.25493432225443	43	1341	0
331200	0.0	0.0	102221.2	27576.776776120878	895.2	233.62739565384877	103116.4	27361.919725048534	193.8	8.37615663654877	2496.6	38.25493432225443	6323.2	721.0657112912803	969	193.8	178	201	8.37615663654877	31616	6323.2	5626	7626	721.0657112912803	12483	2496.6	2437	2543	38.25493432225443	46	1492	0
334800	0.0	0.0	95554.6	13333.2	883.8	91.32228643655392	96438.4	13397.955494776059	202.4	7.863841300534999	2496.6	38.25493432225443	6617.8	731.7943426947219	1012	202.4	188	209	7.863841300534999	33089	6617.8	5911	7918	731.7943426947219	12483	2496.6	2437	2543	38.25493432225443	43	1473	0
338400	0.0	0.0	108887.8	48380.71853703704	970.2	231.33560037313754	109858.0	48281.737802195974	212.2	11.443775600735973	2496.6	38.25493432225443	6941.2	698.2333134418609	1061	212.2	193	224	11.443775600735973	34706	6941.2	6217	8114	698.2333134418609	12483	2496.6	2437	2543	38.25493432225443	49	1617	0
342000	0.0	0.0	117776.6	20607.835020690552	1039.2	218.66357721394752	118815.8	20606.66588655234	222.8	11.320777358467925	2496.6	38.25493432225443	7287.6	657.867646263289	1114	222.8	206	235	11.320777358467925	36438	7287.6	6579	8325	657.867646263289	12483	2496.6	2437	2543	38.25493432225443	53	1732	0
345600	0.0	0.0	119998.8	25723.82476538044	1059.0	172.86873632904243	121057.8	25805.651880159898	233.6	12.753038853543888	2496.6	38.25493432225443	7640.6	613.0052528323065	1168	233.6	216	250	12.753038853543888	38203	7640.6	6947	8602	613.0052528323065	12483	2496.6	2437	2543	38.25493432225443	54	1765	0
349200	0.0	0.0	111110.0	9937.980519200066	1041.0	223.47885806044383	112151.0	9933.113026639736	243.6	12.815615474880635	2496.6	38.25493432225443	7987.6	553.3218231734585	1218	243.6	226	259	12.815615474880635	39938	7987.6	7384	8899	553.3218231734585	12483	2496.6	2437	2543	38.25493432225443	50	1735	0
352800	0.0	0.0	131109.8	8314.711044889053	859.2	180.68469774720825	131969.0	8407.083418165897	255.4	12.467557900406959	2496.6	38.25493432225443	8274.0	537.4826508827982	1277	255.4	238	270	12.467557900406959	41370	8274.0	7697	9205	537.4826508827982	12483	2496.6	2437	2543	38.25493432225443	59	1432	0
356400	0.0	0.0	93332.4	21773.024425651114	815.4	132.57692106848762	94147.8	21884.715839142165	263.8	12.155657119218198	2496.6	38.25493432225443	8545.8	579.8094169638848	1319	263.8	247	280	12.155657119218198	42729	8545.8	7926	9552	579.8094169638848	12483	2496.6	2437	2543	38.25493432225443	42	1359	0
360000	0.0	0.0	104443.4	18053.238142782033	820.2	138.2684345756471	105263.6	18141.14551620156	273.2	11.7881296226331	2496.6	38.25493432225443	8819.2	625.0694041464516	1366	273.2	259	290	11.7881296226331	44096	8819.2	8152	9903	625.0694041464516	12483	2496.6	2437	2543	38.25493432225443	47	1367	0
363600	0.0	0.0	99999.0	22222.0	870.0	134.88661905467126	100869.0	22176.763334625728	282.2	10.552724766618336	2496.6	38.25493432225443	9109.2	669.9341460173529	1411	282.2	268	298	10.552724766618336	45546	9109.2	8399	10272	669.9341460173529	12483	2496.6	2437	2543	38.25493432225443	45	1450	0
367200	0.0	0.0	111110.0	22222.0	903.0	107.93331274449052	112013.0	22280.08620270577	292.2	11.160645142642965	2496.6	38.25493432225443	9410.2	703.4666729845842	1461	292.2	278	311	11.160645142642965	47051	9410.2	8677	10626	703.4666729845842	12483	2496.6	2437	2543	38.25493432225443	50	1505	0
370800	0.0	0.0	95554.6	30306.76736704197	921.6	92.78491256664523	96476.2	30379.719876259554	300.8	10.476640682967037	2496.6	38.25493432225443	9717.4	692.8138566743596	1504	300.8	288	316	10.476640682967037	48587	9717.4	8983	10887	692.8138566743596	12483	2496.6	2437	2543	38.25493432225443	43	1536	0
374400	0.0	0.0	122221.0	21081.640249278516	1042.8	139.24137316185875	123263.8	21095.061150895013	311.8	10.186265262597475	2496.6	38.25493432225443	10065.0	676.9437199649614	1559	311.8	301	327	10.186265262597475	50325	10065.0	9316	11166	676.9437199649614	12483	2496.6	2437	2543	38.25493432225443	55	1738	0
378000	0.0	0.0	106665.6	20607.835020690552	999.6	129.08229932876156	107665.2	20662.32088028835	321.4	8.380930735902783	2496.6	38.25493432225443	10398.2	646.7498434479903	1607	321.4	312	334	8.380930735902783	51991	10398.2	9659	11420	646.7498434479903	12483	2496.6	2437	2543	38.25493432225443	48	1666	0
381600	0.0	0.0	108887.8	28458.045360846554	975.0	158.2453790794537	109862.8	28594.497893126223	331.2	7.4404300950953095	2496.6	38.25493432225443	10723.2	605.9502949912642	1656	331.2	320	340	7.4404300950953095	53616	10723.2	10025	11712	605.9502949912642	12483	2496.6	2437	2543	38.25493432225443	49	1625	0
385200	0.0	0.0	95554.6	39502.6912683174	923.4	104.9468436876498	96478.0	39446.356095335344	339.8	8.541662601625049	2496.6	38.25493432225443	11031.0	593.8309523761792	1699	339.8	328	353	8.541662601625049	55155	11031.0	10355	12011	593.8309523761792	12483	2496.6	2437	2543	38.25493432225443	43	1539	0
388800	0.0	0.0	95554.6	5443.2561064127785	878.4	52.04459626128346	96433.0	5472.331239974423	348.4	8.380930735902783	2496.6	38.25493432225443	11323.8	598.7788907434864	1742	348.4	337	361	8.380930735902783	56619	11323.8	10644	12324	598.7788907434864	12483	2496.6	2437	2543	38.25493432225443	43	1464	0
392400	0.0	0.0	93332.4	36242.98518941286	871.2	99.11084703502438	94203.6	36269.451507294674	356.8	9.042123644365851	2496.6	38.25493432225443	11614.2	628.5530685630291	1784	356.8	341	367	9.042123644365851	58071	11614.2	10915	12675	628.5530685630291	12483	2496.6	2437	2543	38.25493432225443	42	1452	0
396000	0.0	0.0	53332.8	12957.541300725226	880.8	105.71925084865101	54213.6	12921.70251321396	361.6	9.54148835350125	2496.6	38.25493432225443	11907.8	662.892570481824	1808	361.6	344	371	9.54148835350125	59539	11907.8	11161	13024	662.892570481824	12483	2496.6	2437	2543	38.25493432225443	24	1468	0
399600	0.0	0.0	46666.2	10886.512212825557	903.6	57.967577144469296	47569.8	10847.281547005221	365.8	9.453041838477178	2496.6	38.25493432225443	12209.0	678.0905544247022	1829	365.8	348	374	9.453041838477178	61045	12209.0	11447	13346	678.0905544247022	12483	2496.6	2437	2543	38.25493432225443	21	1506	0
403200	0.0	0.0	24444.2	4444.4	901.2	55.04325571766263	25345.4	4466.58547886414	368.0	9.633275663033837	2496.6	38.25493432225443	12509.4	689.6171691598173	1840	368.0	350	377	9.633275663033837	62547	12509.4	11720	13654	689.6171691598173	12483	2496.6	2437	2543	38.25493432225443	11	1502	0
406800	0.0	0.0	15555.4	16629.422089778105	979.2	42.32446101251615	16534.6	16639.575326311668	369.4	10.071742649611336	2496.6	38.25493432225443	12835.8	685.9073989978531	1847	369.4	351	381	10.071742649611336	64179	12835.8	12048	13960	685.9073989978531	12483	2496.6	2437	2543	38.25493432225443	7	1632	0
410400	0.0	0.0	11111.0	0.0	976.2	114.07260845619338	12087.2	114.07260845619338	370.4	10.071742649611336	2496.6	38.25493432225443	13161.2	663.8181678743057	1852	370.4	352	382	10.071742649611336	65806	13161.2	12366	14215	663.8181678743057	12483	2496.6	2437	2543	38.25493432225443	5	1627	0
414000	0.0	0.0	6666.6	5443.2561064127785	983.4	79.24544150927548	7650.0	5470.220653684822	371.0	9.979979959899719	2496.6	38.25493432225443	13489.0	640.2065291763276	1855	371.0	353	383	9.979979959899719	67445	13489.0	12708	14507	640.2065291763276	12483	2496.6	2437	2543	38.25493432225443	3	1639	0
417600	0.0	0.0	4444.4	8888.8	934.8	76.21653363936201	5379.2	8883.725308675408	371.4	9.264987857520374	2496.6	38.25493432225443	13800.6	633.3133821418903	1857	371.4	355	383	9.264987857520374	69003	13800.6	13062	14819	633.3133821418903	12483	2496.6	2437	2543	38.25493432225443	2	1558	0
421200	0.0	0.0	2222.2	4444.4	883.8	70.70332382568729	3106.0	4485.868923631184	371.6	9.308061022576076	2496.6	38.25493432225443	14095.2	641.4980592332295	1858	371.6	355	383	9.308061022576076	70476	14095.2	13348	15142	641.4980592332295	12483	2496.6	2437	2543	38.25493432225443	1	1473	0
424800	0.0	0.0	4444.4	5443.2561064127785	879.0	45.61578674099571	5323.4	5432.413739766145	372.0	9.528903399657276	2496.6	38.25493432225443	14388.2	645.4655374224096	1860	372.0	355	384	9.528903399657276	71941	14388.2	13640	15456	645.4655374224096	12483	2496.6	2437	2543	38.25493432225443	2	1465	0
428400	0.0	0.0	0.0	0.0	865.2	66.20694827584187	865.2	66.20694827584187	372.0	9.528903399657276	2496.6	38.25493432225443	14676.6	652.2068996875148	1860	372.0	355	384	9.528903399657276	73383	14676.6	13923	15740	652.2068996875148	12483	2496.6	2437	2543	38.25493432225443	0	1442	0
432000	0.0	0.0	0.0	0.0	718.2	294.7130129464934	718.2	294.7130129464934	372.0	9.528903399657276	2496.6	38.25493432225443	14916.0	706.1070740333934	1860	372.0	355	384	9.528903399657276	74580	14916.0	14161	16065	706.1070740333934	12483	2496.6	2437	2543	38.25493432225443	0	1197	0
435600	0.0	0.0	0.0	0.0	653.4	223.33705469536397	653.4	223.33705469536397	372.0	9.528903399657276	2496.6	38.25493432225443	15133.8	704.9945815394611	1860	372.0	355	384	9.528903399657276	75669	15133.8	14433	16274	704.9945815394611	12483	2496.6	2437	2543	38.25493432225443	0	1089	0
439200	0.0	0.0	2222.2	4444.4	793.2	213.00084506874614	3015.4	4472.81328025215	372.2	9.620810776644555	2496.6	38.25493432225443	15398.2	741.1311354949271	1861	372.2	355	384	9.620810776644555	76991	15398.2	14559	16554	741.1311354949271	12483	2496.6	2437	2543	38.25493432225443	1	1322	0
442800	0.0	0.0	0.0	0.0	592.2	511.8411472322248	592.2	511.8411472322248	372.2	9.620810776644555	2496.6	38.25493432225443	15595.6	710.81913311334	1861	372.2	355	384	9.620810776644555	77978	15595.6	14559	16554	710.81913311334	12483	2496.6	2437	2543	38.25493432225443	0	987	0
446400	0.0	0.0	0.0	0.0	586.8	483.23137315368916	586.8	483.23137315368916	372.2	9.620810776644555	2496.6	38.25493432225443	15791.2	719.4601865287613	1861	372.2	355	384	9.620810776644555	78956	15791.2	14619	16554	719.4601865287613	12483	2496.6	2437	2543	38.25493432225443	0	978	0
450000	0.0	0.0	0.0	0.0	570.6	353.4473652469346	570.6	353.4473652469346	372.2	9.620810776644555	2496.6	38.25493432225443	15981.4	656.4357089616622	1861	372.2	355	384	9.620810776644555	79907	15981.4	14850	16706	656.4357089616622	12483	2496.6	2437	2543	38.25493432225443	0	951	0
453600	0.0	0.0	0.0	0.0	514.2	535.8930490312409	514.2	535.8930490312409	372.2	9.620810776644555	2496.6	38.25493432225443	16152.8	515.0531623046305	1861	372.2	355	384	9.620810776644555	80764	16152.8	15235	16706	515.0531623046305	12483	2496.6	2437	2543	38.25493432225443	0	857	0
457200	0.0	0.0	0.0	0.0	363.0	653.5870255750186	363.0	653.5870255750186	372.2	9.620810776644555	2496.6	38.25493432225443	16273.8	332.31936446737495	1861	372.2	355	384	9.620810776644555	81369	16273.8	15790	16706	332.31936446737495	12483	2496.6	2437	2543	38.25493432225443	0	605	0
460800	0.0	0.0	0.0	0.0	11.4	22.8	11.4	22.8	372.2	9.620810776644555	2496.6	38.25493432225443	16277.6	335.59415966312645	1861	372.2	355	384	9.620810776644555	81388	16277.6	15790	16706	335.59415966312645	12483	2496.6	2437	2543	38.25493432225443	0	19	0
464400	0.0	0.0	0.0	0.0	121.2	242.39999999999998	121.2	242.39999999999998	372.2	9.620810776644555	2496.6	38.25493432225443	16318.0	378.18038024202156	1861	372.2	355	384	9.620810776644555	81590	16318.0	15790	16775	378.18038024202156	12483	2496.6	2437	2543	38.25493432225443	0	202	0
468000	0.0	0.0	0.0	0.0	219.0	438.0	219.0	438.0	372.2	9.620810776644555	2496.6	38.25493432225443	16391.0	480.68534406615726	1861	372.2	355	384	9.620810776644555	81955	16391.0	15790	17140	480.68534406615726	12483	2496.6	2437	2543	38.25493432225443	0	365	0
471600	0.0	0.0	0.0	0.0	335.4	670.8	335.4	670.8	372.2	9.620810776644555	2496.6	38.25493432225443	16502.8	669.7251376497675	1861	372.2	355	384	9.620810776644555	82514	16502.8	15790	17699	669.7251376497675	12483	2496.6	2437	2543	38.25493432225443	0	559	0
475200	0.0	0.0	0.0	0.0	383.4	766.8	383.4	766.8	372.2	9.620810776644555	2496.6	38.25493432225443	16630.6	905.3241629383367	1861	372.2	355	384	9.620810776644555	83153	16630.6	15790	18338	905.3241629383367	12483	2496.6	2437	2543	38.25493432225443	0	639	0
478800	0.0	0.0	0.0	0.0	340.8	681.6000000000001	340.8	681.6000000000001	372.2	9.620810776644555	2496.6	38.25493432225443	16744.2	1122.1198509963185	1861	372.2	355	384	9.620810776644555	83721	16744.2	15790	18906	1122.1198509963185	12483	2496.6	2437	2543	38.25493432225443	0	568	0
482400	0.0	0.0	0.0	0.0	0.0	0.0	0.0	0.0	372.2	9.620810776644555	2496.6	38.25493432225443	16744.2	1122.1198509963185	1861	372.2	355	384	9.620810776644555	83721	16744.2	15790	18906	1122.1198509963185	12483	2496.6	2437	2543	38.25493432225443	0	0	0
486000	0.0	0.0	0.0	0.0	0.0	0.0	0.0	0.0	372.2	9.620810776644555	2496.6	38.25493432225443	16744.2	1122.1198509963185	1861	372.2	355	384	9.620810776644555	83721	16744.2	15790	18906	1122.1198509963185	12483	2496.6	2437	2543	38.25493432225443	0	0	0
489600	0.0	0.0	0.0	0.0	0.0	0.0	0.0	0.0	372.2	9.620810776644555	2496.6	38.25493432225443	16744.2	1122.1198509963185	1861	372.2	355	384	9.620810776644555	83721	16744.2	15790	18906	1122.1198509963185	12483	2496.6	2437	2543	38.25493432225443	0	0	0
493200	0.0	0.0	0.0	0.0	0.0	0.0	0.0	0.0	372.2	9.620810776644555	2496.6	38.25493432225443	16744.2	1122.1198509963185	1861	372.2	355	384	9.620810776644555	83721	16744.2	15790	18906	1122.1198509963185	12483	2496.6	2437	2543	38.25493432225443	0	0	0
496800	0.0	0.0	0.0	0.0	0.0	0.0	0.0	0.0	372.2	9.620810776644555	2496.6	38.25493432225443	16744.2	1122.1198509963185	1861	372.2	355	384	9.620810776644555	83721	16744.2	15790	18906	1122.1198509963185	12483	2496.6	2437	2543	38.25493432225443	0	0	0
500400	0.0	0.0	0.0	0.0	0.0	0.0	0.0	0.0	372.2	9.620810776644555	2496.6	38.25493432225443	16744.2	1122.1198509963185	1861	372.2	355	384	9.620810776644555	83721	16744.2	15790	18906	1122.1198509963185	12483	2496.6	2437	2543	38.25493432225443	0	0	0
504000	0.0	0.0	0.0	0.0	0.0	0.0	0.0	0.0	372.2	9.620810776644555	2496.6	38.25493432225443	16744.2	1122.1198509963185	1861	372.2	355	384	9.620810776644555	83721	16744.2	15790	18906	1122.1198509963185	12483	2496.6	2437	2543	38.25493432225443	0	0	0
507600	0.0	0.0	0.0	0.0	0.0	0.0	0.0	0.0	372.2	9.620810776644555	2496.6	38.25493432225443	16744.2	1122.1198509963185	1861	372.2	355	384	9.620810776644555	83721	16744.2	15790	18906	1122.1198509963185	12483	2496.6	2437	2543	38.25493432225443	0	0	0
511200	0.0	0.0	0.0	0.0	0.0	0.0	0.0	0.0	372.2	9.620810776644555	2496.6	38.25493432225443	16744.2	1122.1198509963185	1861	372.2	355	384	9.620810776644555	83721	16744.2	15790	18906	1122.1198509963185	12483	2496.6	2437	2543	38.25493432225443	0	0	0
514800	0.0	0.0	0.0	0.0	0.0	0.0	0.0	0.0	372.2	9.620810776644555	2496.6	38.25493432225443	16744.2	1122.1198509963185	1861	372.2	355	384	9.620810776644555	83721	16744.2	15790	18906	1122.1198509963185	12483	2496.6	2437	2543	38.25493432225443	0	0	0
518400	0.0	0.0	0.0	0.0	0.0	0.0	0.0	0.0	372.2	9.620810776644555	2496.6	38.25493432225443	16744.2	1122.1198509963185	1861	372.2	355	384	9.620810776644555	83721	16744.2	15790	18906	1122.1198509963185	12483	2496.6	2437	2543	38.25493432225443	0	0	0
522000	0.0	0.0	0.0	0.0	0.0	0.0	0.0	0.0	372.2	9.620810776644555	2496.6	38.25493432225443	16744.2	1122.1198509963185	1861	372.2	355	384	9.620810776644555	83721	16744.2	15790	18906	1122.1198509963185	12483	2496.6	2437	2543	38.25493432225443	0	0	0
525600	0.0	0.0	0.0	0.0	0.0	0.0	0.0	0.0	372.2	9.620810776644555	2496.6	38.25493432225443	16744.2	1122.1198509963185	1861	372.2	355	384	9.620810776644555	83721	16744.2	15790	18906	1122.1198509963185	12483	2496.6	2437	2543	38.25493432225443	0	0	0
529200	0.0	0.0	0.0	0.0	0.0	0.0	0.0	0.0	372.2	9.620810776644555	2496.6	38.25493432225443	16744.2	1122.1198509963185	1861	372.2	355	384	9.620810776644555	83721	16744.2	15790	18906	1122.1198509963185	12483	2496.6	2437	2543	38.25493432225443	0	0	0
532800	0.0	0.0	0.0	0.0	0.0	0.0	0.0	0.0	372.2	9.620810776644555	2496.6	38.25493432225443	16744.2	1122.1198509963185	1861	372.2	355	384	9.620810776644555	83721	16744.2	15790	18906	1122.1198509963185	12483	2496.6	2437	2543	38.25493432225443	0	0	0
536400	0.0	0.0	0.0	0.0	0.0	0.0	0.0	0.0	372.2	9.620810776644555	2496.6	38.25493432225443	16744.2	1122.1198509963185	1861	372.2	355	384	9.620810776644555	83721	16744.2	15790	18906	1122.1198509963185	12483	2496.6	2437	2543	38.25493432225443	0	0	0
540000	0.0	0.0	0.0	0.0	0.0	0.0	0.0	0.0	372.2	9.620810776644555	2496.6	38.25493432225443	16744.2	1122.1198509963185	1861	372.2	355	384	9.620810776644555	83721	16744.2	15790	18906	1122.1198509963185	12483	2496.6	2437	2543	38.25493432225443	0	0	0
543600	0.0	0.0	0.0	0.0	0.0	0.0	0.0	0.0	372.2	9.620810776644555	2496.6	38.25493432225443	16744.2	1122.1198509963185	1861	372.2	355	384	9.620810776644555	83721	16744.2	15790	18906	1122.1198509963185	12483	2496.6	2437	2543	38.25493432225443	0	0	0
547200	0.0	0.0	0.0	0.0	0.0	0.0	0.0	0.0	372.2	9.620810776644555	2496.6	38.25493432225443	16744.2	1122.1198509963185	1861	372.2	355	384	9.620810776644555	83721	16744.2	15790	18906	1122.1198509963185	12483	2496.6	2437	2543	38.25493432225443	0	0	0
550800	0.0	0.0	0.0	0.0	0.0	0.0	0.0	0.0	372.2	9.620810776644555	2496.6	38.25493432225443	16744.2	1122.1198509963185	1861	372.2	355	384	9.620810776644555	83721	16744.2	15790	18906	1122.1198509963185	12483	2496.6	2437	2543	38.25493432225443	0	0	0
554400	0.0	0.0	0.0	0.0	0.0	0.0	0.0	0.0	372.2	9.620810776644555	2496.6	38.25493432225443	16744.2	1122.1198509963185	1861	372.2	355	384	9.620810776644555	83721	16744.2	15790	18906	1122.1198509963185	12483	2496.6	2437	2543	38.25493432225443	0	0	0
558000	0.0	0.0	0.0	0.0	0.0	0.0	0.0	0.0	372.2	9.620810776644555	2496.6	38.25493432225443	16744.2	1122.1198509963185	1861	372.2	355	384	9.620810776644555	83721	16744.2	15790	18906	1122.1198509963185	12483	2496.6	2437	2543	38.25493432225443	0	0	0
561600	0.0	0.0	0.0	0.0	0.0	0.0	0.0	0.0	372.2	9.620810776644555	2496.6	38.25493432225443	16744.2	1122.1198509963185	1861	372.2	355	384	9.620810776644555	83721	16744.2	15790	18906	1122.1198509963185	12483	2496.6	2437	2543	38.25493432225443	0	0	0
565200	0.0	0.0	0.0	0.0	0.0	0.0	0.0	0.0	372.2	9.620810776644555	2496.6	38.25493432225443	16744.2	1122.1198509963185	1861	372.2	355	384	9.620810776644555	83721	16744.2	15790	18906	1122.1198509963185	12483	2496.6	2437	2543	38.25493432225443	0	0	0
568800	0.0	0.0	0.0	0.0	0.0	0.0	0.0	0.0	372.2	9.620810776644555	2496.6	38.25493432225443	16744.2	1122.1198509963185	1861	372.2	355	384	9.620810776644555	83721	16744.2	15790	18906	1122.1198509963185	12483	2496.6	2437	2543	38.25493432225443	0	0	0
572400	0.0	0.0	0.0	0.0	0.0	0.0	0.0	0.0	372.2	9.620810776644555	2496.6	38.25493432225443	16744.2	1122.1198509963185	1861	372.2	355	384	9.620810776644555	83721	16744.2	15790	18906	1122.1198509963185	12483	2496.6	2437	2543	38.25493432225443	0	0	0
576000	0.0	0.0	0.0	0.0	0.0	0.0	0.0	0.0	372.2	9.620810776644555	2496.6	38.25493432225443	16744.2	1122.1198509963185	1861	372.2	355	384	9.620810776644555	83721	16744.2	15790	18906	1122.1198509963185	12483	2496.6	2437	2543	38.25493432225443	0	0	0
579600	0.0	0.0	0.0	0.0	0.0	0.0	0.0	0.0	372.2	9.620810776644555	2496.6	38.25493432225443	16744.2	1122.1198509963185	1861	372.2	355	384	9.620810776644555	83721	16744.2	15790	18906	1122.1198509963185	12483	2496.6	2437	2543	38.25493432225443	0	0	0
583200	0.0	0.0	0.0	0.0	0.0	0.0	0.0	0.0	372.2	9.620810776644555	2496.6	38.25493432225443	16744.2	1122.1198509963185	1861	372.2	355	384	9.620810776644555	83721	16744.2	15790	18906	1122.1198509963185	12483	2496.6	2437	2543	38.25493432225443	0	0	0
586800	0.0	0.0	0.0	0.0	0.0	0.0	0.0	0.0	372.2	9.620810776644555	2496.6	38.25493432225443	16744.2	1122.1198509963185	1861	372.2	355	384	9.620810776644555	83721	16744.2	15790	18906	1122.1198509963185	12483	2496.6	2437	2543	38.25493432225443	0	0	0
590400	0.0	0.0	0.0	0.0	0.0	0.0	0.0	0.0	372.2	9.620810776644555	2496.6	38.25493432225443	16744.2	1122.1198509963185	1861	372.2	355	384	9.620810776644555	83721	16744.2	15790	18906	1122.1198509963185	12483	2496.6	2437	2543	38.25493432225443	0	0	0
594000	0.0	0.0	0.0	0.0	0.0	0.0	0.0	0.0	372.2	9.620810776644555	2496.6	38.25493432225443	16744.2	1122.1198509963185	1861	372.2	355	384	9.620810776644555	83721	16744.2	15790	18906	1122.1198509963185	12483	2496.6	2437	2543	38.25493432225443	0	0	0
597600	0.0	0.0	0.0	0.0	0.0	0.0	0.0	0.0	372.2	9.620810776644555	2496.6	38.25493432225443	16744.2	1122.1198509963185	1861	372.2	355	384	9.620810776644555	83721	16744.2	15790	18906	1122.1198509963185	12483	2496.6	2437	2543	38.25493432225443	0	0	0
601200	0.0	0.0	0.0	0.0	0.0	0.0	0.0	0.0	372.2	9.620810776644555	2496.6	38.25493432225443	16744.2	1122.1198509963185	1861	372.2	355	384	9.620810776644555	83721	16744.2	15790	18906	1122.1198509963185	12483	2496.6	2437	2543	38.25493432225443	0	0	0
604800	0.0	0.0	0.0	0.0	0.0	0.0	0.0	0.0	372.2	9.620810776644555	2496.6	38.25493432225443	16744.2	1122.1198509963185	1861	372.2	355	384	9.620810776644555	83721	16744.2	15790	18906	1122.1198509963185	12483	2496.6	2437	2543	38.25493432225443	0	0	0
608400	0.0	0.0	0.0	0.0	0.0	0.0	0.0	0.0	372.2	9.620810776644555	2496.6	38.25493432225443	16744.2	1122.1198509963185	1861	372.2	355	384	9.620810776644555	83721	16744.2	15790	18906	1122.1198509963185	12483	2496.6	2437	2543	38.25493432225443	0	0	0
612000	0.0	0.0	0.0	0.0	0.0	0.0	0.0	0.0	372.2	9.620810776644555	2496.6	38.25493432225443	16744.2	1122.1198509963185	1861	372.2	355	384	9.620810776644555	83721	16744.2	15790	18906	1122.1198509963185	12483	2496.6	2437	2543	38.25493432225443	0	0	0
615600	0.0	0.0	0.0	0.0	0.0	0.0	0.0	0.0	372.2	9.620810776644555	2496.6	38.25493432225443	16744.2	1122.1198509963185	1861	372.2	355	384	9.620810776644555	83721	16744.2	15790	18906	1122.1198509963185	12483	2496.6	2437	2543	38.25493432225443	0	0	0
619200	0.0	0.0	0.0	0.0	0.0	0.0	0.0	0.0	372.2	9.620810776644555	2496.6	38.25493432225443	16744.2	1122.1198509963185	1861	372.2	355	384	9.620810776644555	83721	16744.2	15790	18906	1122.1198509963185	12483	2496.6	2437	2543	38.25493432225443	0	0	0
622800	0.0	0.0	0.0	0.0	0.0	0.0	0.0	0.0	372.2	9.620810776644555	2496.6	38.25493432225443	16744.2	1122.1198509963185	1861	372.2	355	384	9.620810776644555	83721	16744.2	15790	18906	1122.1198509963185	12483	2496.6	2437	2543	38.25493432225443	0	0	0
626400	0.0	0.0	0.0	0.0	0.0	0.0	0.0	0.0	372.2	9.620810776644555	2496.6	38.25493432225443	16744.2	1122.1198509963185	1861	372.2	355	384	9.620810776644555	83721	16744.2	15790	18906	1122.1198509963185	12483	2496.6	2437	2543	38.25493432225443	0	0	0
630000	0.0	0.0	0.0	0.0	0.0	0.0	0.0	0.0	372.2	9.620810776644555	2496.6	38.25493432225443	16744.2	1122.1198509963185	1861	372.2	355	384	9.620810776644555	83721	16744.2	15790	18906	1122.1198509963185	12483	2496.6	2437	2543	38.25493432225443	0	0	0
633600	0.0	0.0	0.0	0.0	0.0	0.0	0.0	0.0	372.2	9.620810776644555	2496.6	38.25493432225443	16744.2	1122.1198509963185	1861	372.2	355	384	9.620810776644555	83721	16744.2	15790	18906	1122.1198509963185	12483	2496.6	2437	2543	38.25493432225443	0	0	0
637200	0.0	0.0	0.0	0.0	0.0	0.0	0.0	0.0	372.2	9.620810776644555	2496.6	38.25493432225443	16744.2	1122.1198509963185	1861	372.2	355	384	9.620810776644555	83721	16744.2	15790	18906	1122.1198509963185	12483	2496.6	2437	2543	38.25493432225443	0	0	0
640800	0.0	0.0	0.0	0.0	0.0	0.0	0.0	0.0	372.2	9.620810776644555	2496.6	38.25493432225443	16744.2	1122.1198509963185	1861	372.2	355	384	9.620810776644555	83721	16744.2	15790	18906	1122.1198509963185	12483	2496.6	2437	2543	38.25493432225443	0	0	0
644400	0.0	0.0	0.0	0.0	0.0	0.0	0.0	0.0	372.2	9.620810776644555	2496.6	38.25493432225443	16744.2	1122.1198509963185	1861	372.2	355	384	9.620810776644555	83721	16744.2	15790	18906	1122.1198509963185	12483	2496.6	2437	2543	38.25493432225443	0	0	0
648000	0.0	0.0	0.0	0.0	0.0	0.0	0.0	0.0	372.2	9.620810776644555	2496.6	38.25493432225443	16744.2	1122.1198509963185	1861	372.2	355	384	9.620810776644555	83721	16744.2	15790	18906	1122.1198509963185	12483	2496.6	2437	2543	38.25493432225443	0	0	0
651600	0.0	0.0	0.0	0.0	0.0	0.0	0.0	0.0	372.2	9.620810776644555	2496.6	38.25493432225443	16744.2	1122.1198509963185	1861	372.2	355	384	9.620810776644555	83721	16744.2	15790	18906	1122.1198509963185	12483	2496.6	2437	2543	38.25493432225443	0	0	0
655200	0.0	0.0	0.0	0.0	0.0	0.0	0.0	0.0	372.2	9.620810776644555	2496.6	38.25493432225443	16744.2	1122.1198509963185	1861	372.2	355	384	9.620810776644555	83721	16744.2	15790	18906	1122.1198509963185	12483	2496.6	2437	2543	38.25493432225443	0	0	0
658800	0.0	0.0	0.0	0.0	0.0	0.0	0.0	0.0	372.2	9.620810776644555	2496.6	38.25493432225443	16744.2	1122.1198509963185	1861	372.2	355	384	9.620810776644555	83721	16744.2	15790	18906	1122.1198509963185	12483	2496.6	2437	2543	38.25493432225443	0	0	0
662400	0.0	0.0	0.0	0.0	0.0	0.0	0.0	0.0	372.2	9.620810776644555	2496.6	38.25493432225443	16744.2	1122.1198509963185	1861	372.2	355	384	9.620810776644555	83721	16744.2	15790	18906	1122.1198509963185	12483	2496.6	2437	2543	38.25493432225443	0	0	0
666000	0.0	0.0	0.0	0.0	0.0	0.0	0.0	0.0	372.2	9.620810776644555	2496.6	38.25493432225443	16744.2	1122.1198509963185	1861	372.2	355	384	9.620810776644555	83721	16744.2	15790	18906	1122.1198509963185	12483	2496.6	2437	2543	38.25493432225443	0	0	0
669600	754.8	108.7573445795731	0.0	0.0	20.4	2.9393876913398134	775.2	111.69673227091292	372.2	9.620810776644555	2503.4	37.92940811560339	16751.0	1121.53038300351	1861	372.2	355	384	9.620810776644555	83755	16751.0	15798	18912	1121.53038300351	12517	2503.4	2445	2549	37.92940811560339	0	34	34
673200	2331.0	460.34899804387544	0.0	0.0	63.0	12.441864811996632	2394.0	472.79086285587204	372.2	9.620810776644555	2524.4	37.50519963951665	16772.0	1123.7220296852777	1861	372.2	355	384	9.620810776644555	83860	16772.0	15820	18939	1123.7220296852777	12622	2524.4	2467	2564	37.50519963951665	0	105	105
676800	3063.6	310.8	0.0	0.0	82.8	8.4	3146.4	319.2	372.2	9.620810776644555	2552.0	37.73592452822641	16799.6	1125.7476804328758	1861	372.2	355	384	9.620810776644555	83998	16799.6	15846	18970	1125.7476804328758	12760	2552.0	2493	2593	37.73592452822641	0	138	138
680400	3951.6	341.04287120536617	0.0	0.0	106.8	9.21737489744233	4058.4	350.26024610280854	372.2	9.620810776644555	2587.6	35.92547842409339	16835.2	1126.7483126235425	1861	372.2	355	384	9.620810776644555	84176	16835.2	15883	19008	1126.7483126235425	12938	2587.6	2530	2626	35.92547842409339	0	178	178
684000	5239.2	558.9817170534292	0.0	0.0	141.6	15.107613974417008	5380.8	574.0893310278461	372.2	9.620810776644555	2634.8	34.568193473191506	16882.4	1124.848363113891	1861	372.2	355	384	9.620810776644555	84412	16882.4	15938	19053	1124.848363113891	13174	2634.8	2585	2672	34.568193473191506	0	236	236
687600	5772.0	1071.5956326898686	0.0	0.0	156.0	28.962044126753206	5928.0	1100.5576768166218	372.2	9.620810776644555	2686.8	31.530302884685394	16934.4	1116.4186669883302	1861	372.2	355	384	9.620810776644555	84672	16934.4	15992	19089	1116.4186669883302	13434	2686.8	2639	2720	31.530302884685394	0	260	260
691200	5749.8	757.4072616499	0.0	0.0	155.4	20.470466531078376	5905.2	777.8777281809784	372.2	9.620810776644555	2738.6	32.793901872146904	16986.2	1122.2225091308765	1861	372.2	355	384	9.620810776644555	84931	16986.2	16036	19152	1122.2225091308765	13693	2738.6	2683	2768	32.793901872146904	0	259	259
694800	6549.0	1076.184928346425	0.0	0.0	177.0	29.086079144497972	6726.0	1105.271007490923	372.2	9.620810776644555	2797.6	29.84359227707013	17045.2	1121.0065833883402	1861	372.2	355	384	9.620810776644555	85226	17045.2	16111	19212	1121.0065833883402	13988	2797.6	2758	2828	29.84359227707013	0	295	295
698400	6748.8	440.65741795639843	0.0	0.0	182.4	11.909659944767524	6931.2	452.5670779011659	372.2	9.620810776644555	2858.4	26.844738776900027	17106.0	1119.250463479913	1861	372.2	355	384	9.620810776644555	85530	17106.0	16179	19271	1119.250463479913	14292	2858.4	2826	2888	26.844738776900027	0	304	304
702000	7326.0	746.2634923403396	0.0	0.0	198.0	20.169283576765935	7524.0	766.4327759171055	372.2	9.620810776644555	2924.4	25.617181734140857	17172.0	1121.413037199051	1861	372.2	355	384	9.620810776644555	85860	17172.0	16241	19339	1121.413037199051	14622	2924.4	2888	2950	25.617181734140857	0	330	330
705600	6637.8	667.4783591997572	0.0	0.0	179.4	18.03995565404749	6817.2	685.5183148538046	372.2	9.620810776644555	2984.2	24.044957891416654	17231.8	1115.594083885353	1861	372.2	355	384	9.620810776644555	86159	17231.8	16303	19387	1115.594083885353	14921	2984.2	2950	3011	24.044957891416654	0	299	299
709200	6726.6	728.2141443284387	0.0	0.0	181.8	19.681463360228072	6908.4	747.8956076886667	372.2	9.620810776644555	3044.8	27.49836358767554	17292.4	1115.288769781172	1861	372.2	355	384	9.620810776644555	86462	17292.4	16367	19446	1115.288769781172	15224	3044.8	3013	3081	27.49836358767554	0	303	303
712800	7459.2	1121.923954642203	0.0	0.0	201.6	30.32226904438387	7660.8	1152.2462236865867	372.2	9.620810776644555	3112.0	28.98965332666122	17359.6	1115.001811657721	1861	372.2	355	384	9.620810776644555	86798	17359.6	16441	19510	1115.001811657721	15560	3112.0	3079	3162	28.98965332666122	0	336	336
716400	7437.0	1189.306856954924	0.0	0.0	201.0	32.1434285663493	7638.0	1221.4502855212734	372.2	9.620810776644555	3179.0	33.075670817082454	17426.6	1113.5028693272416	1861	372.2	355	384	9.620810776644555	87133	17426.6	16500	19575	1113.5028693272416	15895	3179.0	3139	3225	33.075670817082454	0	335	335
720000	6859.8	584.8341303309853	0.0	0.0	185.4	15.80632784678339	7045.2	600.6404581777688	372.2	9.620810776644555	3240.8	37.91780584369301	17488.4	1114.558495548798	1861	372.2	355	384	9.620810776644555	87442	17488.4	16559	19637	1114.558495548798	16204	3240.8	3194	3296	37.91780584369301	0	309	309
723600	7370.4	564.2469672049642	0.0	0.0	199.2	15.249918032566601	7569.6	579.4968852375308	372.2	9.620810776644555	3307.2	34.91360766234278	17554.8	1114.6594816355353	1861	372.2	355	384	9.620810776644555	87774	17554.8	16625	19703	1114.6594816355353	16536	3307.2	3269	3362	34.91360766234278	0	332	332
727200	6704.4	1077.5579056366298	0.0	0.0	181.2	29.123186638827836	6885.6	1106.6810922754576	372.2	9.620810776644555	3367.6	41.983806401992666	17615.2	1113.451103551476	1861	372.2	355	384	9.620810776644555	88076	17615.2	16679	19756	1113.451103551476	16838	3367.6	3326	3441	41.983806401992666	0	302	302
730800	5550.0	390.87133432883	0.0	0.0	150.0	10.564090116995406	5700.0	401.4354244458254	372.2	9.620810776644555	3417.6	42.7672772105029	17665.2	1114.0322077929345	1861	372.2	355	384	9.620810776644555	88326	17665.2	16723	19806	1114.0322077929345	17088	3417.6	3370	3492	42.7672772105029	0	250	250
734400	6238.2	633.3812122253075	0.0	0.0	168.6	17.118411141224527	6406.8	650.499623366532	372.2	9.620810776644555	3473.8	45.19468995357751	17721.4	1109.2068517639082	1861	372.2	355	384	9.620810776644555	88607	17721.4	16782	19852	1109.2068517639082	17369	3473.8	3429	3553	45.19468995357751	0	281	281
738000	5838.6	610.3990825681178	0.0	0.0	157.8	16.497272501841024	5996.4	626.8963550699589	372.2	9.620810776644555	3526.4	46.163188798002246	17774.0	1107.1832729950358	1861	372.2	355	384	9.620810776644555	88870	17774.0	16837	19902	1107.1832729950358	17632	3526.4	3484	3603	46.163188798002246	0	263	263
741600	5172.6	660.7996973364925	0.0	0.0	139.8	17.85945127936466	5312.4	678.6591486158571	372.2	9.620810776644555	3573.0	50.24340752775433	17820.6	1104.736819337529	1861	372.2	355	384	9.620810776644555	89103	17820.6	16882	19941	1104.736819337529	17865	3573.0	3529	3660	50.24340752775433	0	233	233
745200	4817.4	1084.3967170735993	0.0	0.0	130.2	29.30801938036755	4947.6	1113.704736453967	372.2	9.620810776644555	3616.4	53.4475443776419	17864.0	1109.6687794112258	1861	372.2	355	384	9.620810776644555	89320	17864.0	16925	19991	1109.6687794112258	18082	3616.4	3572	3716	53.4475443776419	0	217	217
748800	5261.4	513.967158483886	0.0	0.0	142.2	13.89100428334827	5403.6	527.8581627672343	372.2	9.620810776644555	3663.8	56.5628853578033	17911.4	1108.5676524236128	1861	372.2	355	384	9.620810776644555	89557	17911.4	16966	20034	1108.5676524236128	18319	3663.8	3613	3769	56.5628853578033	0	237	237
752400	4773.0	329.27921282704744	0.0	0.0	129.0	8.899438184514796	4902.0	338.17865101156224	372.2	9.620810776644555	3706.8	58.36574337742988	17954.4	1108.6405368738779	1861	372.2	355	384	9.620810776644555	89772	17954.4	17010	20076	1108.6405368738779	18534	3706.8	3657	3817	58.36574337742988	0	215	215
756000	3929.4	875.7048817952314	0.0	0.0	106.2	23.667699507979222	4035.6	899.3725813032105	372.2	9.620810776644555	3742.2	53.13153489218997	17989.8	1113.3869767515696	1861	372.2	355	384	9.620810776644555	89949	17989.8	17050	20124	1113.3869767515696	18711	3742.2	3697	3842	53.13153489218997	0	177	177
759600	3507.6	1260.9130977192679	0.0	0.0	94.8	34.07873237079102	3602.4	1294.991830090059	372.2	9.620810776644555	3773.8	53.334416655664285	18021.4	1115.3002465704024	1861	372.2	355	384	9.620810776644555	90107	18021.4	17075	20162	1115.3002465704024	18869	3773.8	3721	3864	53.334416655664285	0	158	158
763200	2863.8	558.9817170534292	0.0	0.0	77.4	15.107613974417006	2941.2	574.0893310278462	372.2	9.620810776644555	3799.6	57.24543649934027	18047.2	1114.6453068128892	1861	372.2	355	384	9.620810776644555	90236	18047.2	17094	20185	1114.6453068128892	18998	3799.6	3741	3894	57.24543649934027	0	129	129
766800	2553.0	329.27921282704744	0.0	0.0	69.0	8.899438184514796	2622.0	338.17865101156224	372.2	9.620810776644555	3822.6	58.895161091553184	18070.2	1113.3871563836185	1861	372.2	355	384	9.620810776644555	90351	18070.2	17114	20205	1113.3871563836185	19113	3822.6	3761	3918	58.895161091553184	0	115	115
770400	2464.2	129.44713206556568	0.0	0.0	66.6	3.49857113690718	2530.8	132.94570320247286	372.2	9.620810776644555	3844.8	58.37944843864149	18092.4	1112.6991686884644	1861	372.2	355	384	9.620810776644555	90462	18092.4	17136	20226	1112.6991686884644	19224	3844.8	3783	3939	58.37944843864149	0	111	111
774000	1820.4	452.7929328070393	0.0	0.0	49.2	12.237646832622683	1869.6	465.030579639662	372.2	9.620810776644555	3861.2	56.68650633087207	18108.8	1110.7232598626897	1861	372.2	355	384	9.620810776644555	90544	18108.8	17151	20239	1110.7232598626897	19306	3861.2	3798	3951	56.68650633087207	0	82	82
777600	1687.2	435.0293783182924	0.0	0.0	45.6	11.757550765359255	1732.8	446.78692908365167	372.2	9.620810776644555	3876.4	58.54775828330236	18124.0	1111.6573213000488	1861	372.2	355	384	9.620810776644555	90620	18124.0	17162	20254	1111.6573213000488	19382	3876.4	3809	3972	58.54775828330236	0	76	76
781200	1110.0	99.28141820099066	0.0	0.0	30.0	2.6832815729997477	1140.0	101.9646997739904	372.2	9.620810776644555	3886.4	58.656968895434744	18134.0	1111.0639945565692	1861	372.2	355	384	9.620810776644555	90670	18134.0	17173	20263	1111.0639945565692	19432	3886.4	3820	3982	58.656968895434744	0	50	50
784800	777.0	210.60769216721405	0.0	0.0	21.0	5.692099788303083	798.0	216.29979195551715	372.2	9.620810776644555	3893.4	59.49991596632721	18141.0	1110.9549045753388	1861	372.2	355	384	9.620810776644555	90705	18141.0	17180	20270	1110.9549045753388	19467	3893.4	3827	3989	59.49991596632721	0	35	35
788400	155.4	54.37867228978655	0.0	0.0	4.2	1.469693845669907	159.6	55.84836613545646	372.2	9.620810776644555	3894.8	59.56307581043813	18142.4	1111.2142187715203	1861	372.2	355	384	9.620810776644555	90712	18142.4	17181	20272	1111.2142187715203	19474	3894.8	3828	3990	59.56307581043813	0	7	7
792000	44.4	54.37867228978655	0.0	0.0	1.2	1.469693845669907	45.6	55.84836613545646	372.2	9.620810776644555	3895.2	60.01466487451213	18142.8	1111.092327396783	1861	372.2	355	384	9.620810776644555	90714	18142.8	17181	20272	1111.092327396783	19476	3895.2	3828	3991	60.01466487451213	0	2	2
795600	0.0	0.0	0.0	0.0	0.0	0.0	0.0	0.0	372.2	9.620810776644555	3895.2	60.01466487451213	18142.8	1111.092327396783	1861	372.2	355	384	9.620810776644555	90714	18142.8	17181	20272	1111.092327396783	19476	3895.2	3828	3991	60.01466487451213	0	0	0
799200	0.0	0.0	0.0	0.0	0.0	0.0	0.0	0.0	372.2	9.620810776644555	3895.2	60.01466487451213	18142.8	1111.092327396783	1861	372.2	355	384	9.620810776644555	90714	18142.8	17181	20272	1111.092327396783	19476	3895.2	3828	3991	60.01466487451213	0	0	0
802800	0.0	0.0	0.0	0.0	0.0	0.0	0.0	0.0	372.2	9.620810776644555	3895.2	60.01466487451213	18142.8	1111.092327396783	1861	372.2	355	384	9.620810776644555	90714	18142.8	17181	20272	1111.092327396783	19476	3895.2	3828	3991	60.01466487451213	0	0	0
806400	0.0	0.0	0.0	0.0	0.0	0.0	0.0	0.0	372.2	9.620810776644555	3895.2	60.01466487451213	18142.8	1111.092327396783	1861	372.2	355	384	9.620810776644555	90714	18142.8	17181	20272	1111.092327396783	19476	3895.2	3828	3991	60.01466487451213	0	0	0
810000	0.0	0.0	0.0	0.0	0.0	0.0	0.0	0.0	372.2	9.620810776644555	3895.2	60.01466487451213	18142.8	1111.092327396783	1861	372.2	355	384	9.620810776644555	90714	18142.8	17181	20272	1111.092327396783	19476	3895.2	3828	3991	60.01466487451213	0	0	0
813600	0.0	0.0	0.0	0.0	0.0	0.0	0.0	0.0	372.2	9.620810776644555	3895.2	60.01466487451213	18142.8	1111.092327396783	1861	372.2	355	384	9.620810776644555	90714	18142.8	17181	20272	1111.092327396783	19476	3895.2	3828	3991	60.01466487451213	0	0	0
817200	0.0	0.0	0.0	0.0	0.0	0.0	0.0	0.0	372.2	9.620810776644555	3895.2	60.01466487451213	18142.8	1111.092327396783	1861	372.2	355	384	9.620810776644555	90714	18142.8	17181	20272	1111.092327396783	19476	3895.2	3828	3991	60.01466487451213	0	0	0
820800	0.0	0.0	0.0	0.0	0.0	0.0	0.0	0.0	372.2	9.620810776644555	3895.2	60.01466487451213	18142.8	1111.092327396783	1861	372.2	355	384	9.620810776644555	90714	18142.8	17181	20272	1111.092327396783	19476	3895.2	3828	3991	60.01466487451213	0	0	0
824400	0.0	0.0	2222.2	4444.4	0.0	0.0	2222.2	4444.4	372.4	9.264987857520374	3895.2	60.01466487451213	18142.8	1111.092327396783	1862	372.4	356	384	9.264987857520374	90714	18142.8	17181	20272	1111.092327396783	19476	3895.2	3828	3991	60.01466487451213	1	0	0
828000	0.0	0.0	2222.2	4444.4	0.0	0.0	2222.2	4444.4	372.6	9.520504188329523	3895.2	60.01466487451213	18142.8	1111.092327396783	1863	372.6	356	385	9.520504188329523	90714	18142.8	17181	20272	1111.092327396783	19476	3895.2	3828	3991	60.01466487451213	1	0	0
831600	0.0	0.0	6666.6	8888.800000000001	0.0	0.0	6666.6	8888.800000000001	373.2	9.10823802938856	3895.2	60.01466487451213	18142.8	1111.092327396783	1866	373.2	358	386	9.10823802938856	90714	18142.8	17181	20272	1111.092327396783	19476	3895.2	3828	3991	60.01466487451213	3	0	0
835200	0.0	0.0	6666.6	5443.2561064127785	0.0	0.0	6666.6	5443.2561064127785	373.8	9.086253353280437	3895.2	60.01466487451213	18142.8	1111.092327396783	1869	373.8	359	387	9.086253353280437	90714	18142.8	17181	20272	1111.092327396783	19476	3895.2	3828	3991	60.01466487451213	3	0	0
838800	0.0	0.0	15555.4	5443.2561064127785	0.0	0.0	15555.4	5443.2561064127785	375.2	8.795453370918407	3895.2	60.01466487451213	18142.8	1111.092327396783	1876	375.2	361	388	8.795453370918407	90714	18142.8	17181	20272	1111.092327396783	19476	3895.2	3828	3991	60.01466487451213	7	0	0
842400	0.0	0.0	6666.6	5443.2561064127785	0.0	0.0	6666.6	5443.2561064127785	375.8	8.840814442120138	3895.2	60.01466487451213	18142.8	1111.092327396783	1879	375.8	362	389	8.840814442120138	90714	18142.8	17181	20272	1111.092327396783	19476	3895.2	3828	3991	60.01466487451213	3	0	0
846000	0.0	0.0	39999.6	22878.949299301312	17.4	34.8	40017.0	22899.24721033423	379.4	8.309031231136395	3895.2	60.01466487451213	18148.6	1111.2113390350191	1897	379.4	368	392	8.309031231136395	90743	18148.6	17181	20272	1111.2113390350191	19476	3895.2	3828	3991	60.01466487451213	18	29	0
849600	0.0	0.0	22222.0	15713.326891527458	96.6	191.70352109442328	22318.6	15646.897885523507	381.4	8.890444308357146	3895.2	60.01466487451213	18180.8	1113.9465696342888	1907	381.4	369	395	8.890444308357146	90904	18180.8	17181	20272	1113.9465696342888	19476	3895.2	3828	3991	60.01466487451213	10	161	0
853200	0.0	0.0	59999.4	43659.302745692126	267.0	394.7069799230817	60266.4	43539.9886936136	386.8	12.383860464330176	3895.2	60.01466487451213	18269.8	1121.5181496525147	1934	386.8	370	407	12.383860464330176	91349	18269.8	17181	20272	1121.5181496525147	19476	3895.2	3828	3991	60.01466487451213	27	445	0
856800	0.0	0.0	71110.4	28631.044190528573	494.4	589.9235882722439	71604.8	28522.449056138223	393.2	12.188519188154073	3895.2	60.01466487451213	18434.6	1143.9969580379136	1966	393.2	376	413	12.188519188154073	92173	18434.6	17181	20272	1143.9969580379136	19476	3895.2	3828	3991	60.01466487451213	32	824	0
860400	0.0	0.0	66666.0	21081.640249278516	796.2	720.0914941866762	67462.2	21352.76666289406	399.2	13.242356285797479	3895.2	60.01466487451213	18700.0	1178.067739987816	1996	399.2	382	422	13.242356285797479	93500	18700.0	17222	20272	1178.067739987816	19476	3895.2	3828	3991	60.01466487451213	30	1327	0
864000	0.0	0.0	102221.2	22662.082326211774	1225.2	707.4368947121715	103446.4	22363.331188353848	408.4	13.792751719653333	3895.2	60.01466487451213	19108.4	1212.2700359243397	2042	408.4	390	431	13.792751719653333	95542	19108.4	17447	20558	1212.2700359243397	19476	3895.2	3828	3991	60.01466487451213	46	2042	0
867600	0.0	0.0	88888.0	15713.326891527458	1591.8	587.2605554606915	90479.8	15595.305619320196	416.4	12.815615474880634	3895.2	60.01466487451213	19639.0	1250.5059775946695	2082	416.4	400	437	12.815615474880634	98195	19639.0	17817	21297	1250.5059775946695	19476	3895.2	3828	3991	60.01466487451213	40	2653	0
871200	0.0	0.0	119998.8	44109.410548770655	1918.2	314.0964183176879	121917.0	43980.876939870126	427.2	11.178550889985695	3895.2	60.01466487451213	20278.4	1261.484300338296	2136	427.2	415	443	11.178550889985695	101392	20278.4	18396	22030	1261.484300338296	19476	3895.2	3828	3991	60.01466487451213	54	3197	0
874800	0.0	0.0	115554.4	29480.81443651108	1789.8	583.3364038014429	117344.2	29580.894377283454	437.6	10.480458005259122	3895.2	60.01466487451213	20875.0	1122.4147183639388	2188	437.6	425	452	10.480458005259122	104375	20875.0	19079	22248	1122.4147183639388	19476	3895.2	3828	3991	60.01466487451213	52	2983	0
878400	0.0	0.0	84443.6	11331.041163105885	1630.2	744.2215799074896	86073.8	11859.605497654633	445.2	10.322790320451151	3895.2	60.01466487451213	21418.4	966.9634119241534	2226	445.2	432	458	10.322790320451151	107092	21418.4	19833	22407	966.9634119241534	19476	3895.2	3828	3991	60.01466487451213	38	2717	0
882000	0.0	0.0	99999.0	18592.25910964023	1423.8	702.6704490726787	101422.8	19197.368417572237	454.2	10.02796090937734	3895.2	60.01466487451213	21893.0	901.0684768651049	2271	454.2	441	464	10.02796090937734	109465	21893.0	20555	23127	901.0684768651049	19476	3895.2	3828	3991	60.01466487451213	45	2373	0
885600	0.0	0.0	135554.2	25723.82476538044	1185.0	652.2499520889212	136739.2	25702.540842492595	466.4	9.951884243699782	3895.2	60.01466487451213	22288.0	1010.3027269091181	2332	466.4	452	477	9.951884243699782	111440	22288.0	21055	23890	1010.3027269091181	19476	3895.2	3828	3991	60.01466487451213	61	1975	0
889200	0.0	0.0	102221.2	36783.955172873946	804.6	267.2688534042079	103025.8	36730.29854166721	475.6	11.253443917308159	3895.2	60.01466487451213	22556.2	1087.1856143271948	2378	475.6	458	488	11.253443917308159	112781	22556.2	21211	24224	1087.1856143271948	19476	3895.2	3828	3991	60.01466487451213	46	1341	0
892800	0.0	0.0	91110.2	14740.40721825554	869.4	348.4517757165258	91979.6	14863.05223835266	483.8	10.361467077590895	3895.2	60.01466487451213	22846.0	1099.3146956172286	2419	483.8	468	494	10.361467077590895	114230	22846.0	21396	24376	1099.3146956172286	19476	3895.2	3828	3991	60.01466487451213	41	1449	0
896400	0.0	0.0	119998.8	47867.65293765718	1041.0	349.23917306052596	121039.8	47806.0758958524	494.6	12.59523719506703	3895.2	60.01466487451213	23193.0	1126.3303245495968	2473	494.6	480	509	12.59523719506703	115965	23193.0	21632	24589	1126.3303245495968	19476	3895.2	3828	3991	60.01466487451213	54	1735	0
900000	0.0	0.0	91110.2	25723.82476538044	1179.6	253.34214019779657	92289.8	25839.05217611513	502.8	14.133647795243801	3895.2	60.01466487451213	23586.2	1152.8006592642112	2514	502.8	484	520	14.133647795243801	117931	23586.2	21973	24890	1152.8006592642112	19476	3895.2	3828	3991	60.01466487451213	41	1966	0
903600	0.0	0.0	131109.8	23726.603291663978	1397.4	280.49855614601654	132507.2	23649.40634688321	514.6	12.705904139414873	3895.2	60.01466487451213	24052.0	1176.3436572702724	2573	514.6	497	528	12.705904139414873	120260	24052.0	22358	25459	1176.3436572702724	19476	3895.2	3828	3991	60.01466487451213	59	2329	0
907200	0.0	0.0	84443.6	47970.70505464767	1549.2	193.1925464400736	85992.8	47847.22198999645	522.2	13.49666625504239	3895.2	60.01466487451213	24568.4	1185.9916694479773	2611	522.2	503	536	13.49666625504239	122842	24568.4	22867	26078	1185.9916694479773	19476	3895.2	3828	3991	60.01466487451213	38	2582	0
910800	0.0	0.0	102221.2	29312.831220474083	1561.8	174.69791069157066	103783.0	29286.821992152032	531.4	13.062924634246345	3895.2	60.01466487451213	25089.0	1158.2129337906738	2657	531.4	515	548	13.062924634246345	125445	25089.0	23365	26518	1158.2129337906738	19476	3895.2	3828	3991	60.01466487451213	46	2603	0
914400	0.0	0.0	86665.8	32507.983446532024	1590.0	297.28773940409985	88255.8	32520.004522754913	539.2	15.866946776238962	3895.2	60.01466487451213	25619.0	1102.1936309015762	2696	539.2	518	559	15.866946776238962	128095	25619.0	23910	26859	1102.1936309015762	19476	3895.2	3828	3991	60.01466487451213	39	2650	0
918000	0.0	0.0	97776.8	26666.4	1449.6	312.4519803105751	99226.4	26687.52214500252	548.0	14.042791745233567	3895.2	60.01466487451213	26102.2	1043.5101149485806	2740	548.0	531	566	14.042791745233567	130511	26102.2	24480	27235	1043.5101149485806	19476	3895.2	3828	3991	60.01466487451213	44	2416	0
921600	0.0	0.0	133332.0	26293.424988007933	1380.6	377.9971428463448	134712.6	26269.50881611607	560.0	14.38054240979804	3895.2	60.01466487451213	26562.4	1043.319241651375	2800	560.0	540	577	14.38054240979804	132812	26562.4	25065	27871	1043.319241651375	19476	3895.2	3828	3991	60.01466487451213	60	2301	0
925200	0.0	0.0	95554.6	26850.944762521856	1141.2	160.11795651956092	96695.8	26986.34469060232	568.6	15.473848907107758	3895.2	60.01466487451213	26942.8	1081.5733724532977	2843	568.6	550	589	15.473848907107758	134714	26942.8	25423	28355	1081.5733724532977	19476	3895.2	3828	3991	60.01466487451213	43	1902	0
928800	0.0	0.0	122221.0	18592.25910964023	1048.2	153.2950097035125	123269.2	18727.578982879768	579.6	15.2	3895.2	60.01466487451213	27292.2	1122.6695684839774	2898	579.6	560	600	15.2	136461	27292.2	25702	28715	1122.6695684839774	19476	3895.2	3828	3991	60.01466487451213	55	1747	0
932400	0.0	0.0	93332.4	31894.570149791954	1157.4	123.94611732523128	94489.8	31833.802891894647	588.0	17.7426040929735	3895.2	60.01466487451213	27678.0	1135.7600098612384	2940	588.0	565	610	17.7426040929735	138390	27678.0	26068	29059	1135.7600098612384	19476	3895.2	3828	3991	60.01466487451213	42	1929	0
936000	0.0	0.0	95554.6	40122.86562348208	1168.8	136.36773812012868	96723.4	40200.815243474855	596.6	18.128430709799456	3895.2	60.01466487451213	28067.6	1149.305285814	2983	596.6	571	615	18.128430709799456	140338	28067.6	26431	29396	1149.305285814	19476	3895.2	3828	3991	60.01466487451213	43	1948	0
939600	0.0	0.0	115554.4	36242.98518941286	1320.0	145.72714228996603	116874.4	36299.15294659092	607.0	17.123083834403193	3895.2	60.01466487451213	28507.6	1161.8054226074175	3035	607.0	581	628	17.123083834403193	142538	28507.6	26857	29841	1161.8054226074175	19476	3895.2	3828	3991	60.01466487451213	52	2200	0
943200	0.0	0.0	99999.0	31426.653783054917	1421.4	127.66612706587445	101420.4	31483.71268195668	616.0	17.561321134812154	3895.2	60.01466487451213	28981.4	1174.7608437465049	3080	616.0	588	639	17.561321134812154	144907	28981.4	27308	30390	1174.7608437465049	19476	3895.2	3828	3991	60.01466487451213	45	2369	0
946800	0.0	0.0	104443.4	13333.2	1415.4	93.19141591369883	105858.8	13390.602113422681	625.4	17.6136310850432	3895.2	60.01466487451213	29453.2	1179.5733805066982	3127	625.4	596	647	17.6136310850432	147266	29453.2	27772	30869	1179.5733805066982	19476	3895.2	3828	3991	60.01466487451213	47	2359	0
950400	0.0	0.0	88888.0	24342.981345759603	1448.4	88.31217356627567	90336.4	24338.759389911393	633.4	15.831613941730641	3895.2	60.01466487451213	29936.0	1154.789504628441	3167	633.4	606	652	15.831613941730641	149680	29936.0	28269	31308	1154.789504628441	19476	3895.2	3828	3991	60.01466487451213	40	2414	0
954000	0.0	0.0	126665.4	47970.705054647675	1462.2	155.98384531739177	128127.6	47986.40980777787	644.8	19.497692171126303	3895.2	60.01466487451213	30423.4	1125.9816339532365	3224	644.8	613	667	19.497692171126303	152117	30423.4	28758	31711	1125.9816339532365	19476	3895.2	3828	3991	60.01466487451213	57	2437	0
957600	0.0	0.0	88888.0	28108.85366570469	1421.4	144.19237150418186	90309.4	28140.51222419379	652.8	20.9990475974507	3895.2	60.01466487451213	30897.2	1115.1958393035727	3264	652.8	617	675	20.9990475974507	154486	30897.2	29271	32153	1115.1958393035727	19476	3895.2	3828	3991	60.01466487451213	40	2369	0
961200	0.0	0.0	115554.4	28631.044190528573	1303.8	113.59823942297697	116858.2	28608.86125241618	663.2	20.350921355064003	3895.2	60.01466487451213	31331.8	1133.54124759534	3316	663.2	628	683	20.350921355064003	156659	31331.8	29701	32659	1133.54124759534	19476	3895.2	3828	3991	60.01466487451213	52	2173	0
964800	0.0	0.0	131109.8	21545.028358301133	1156.8	43.124934782559386	132266.6	21536.591583628084	675.0	21.06181378704123	3895.2	60.01466487451213	31717.4	1139.6419788688024	3375	675.0	640	695	21.06181378704123	158587	31717.4	30090	33048	1139.6419788688024	19476	3895.2	3828	3991	60.01466487451213	59	1928	0
968400	0.0	0.0	75554.8	28458.045360846554	1190.4	27.78200856669654	76745.2	28431.293782731733	681.8	22.382135733660448	3895.2	60.01466487451213	32114.2	1145.739830851664	3409	681.8	646	702	22.382135733660448	160571	32114.2	30475	33442	1145.739830851664	19476	3895.2	3828	3991	60.01466487451213	34	1984	0
972000	0.0	0.0	113332.2	23726.603291663978	1251.6	99.16168614943979	114583.8	23733.215832667935	692.0	22.86482013924448	3895.2	60.01466487451213	32531.4	1161.2471916004793	3460	692.0	655	714	22.86482013924448	162657	32531.4	30891	33845	1161.2471916004793	19476	3895.2	3828	3991	60.01466487451213	51	2086	0
975600	0.0	0.0	99999.0	70272.13416426172	1273.8	99.3285457459234	101272.8	70326.16367298874	701.0	24.289915602982237	3895.2	60.01466487451213	32956.0	1182.5249257415253	3505	701.0	663	734	24.289915602982237	164780	32956.0	31256	34303	1182.5249257415253	19476	3895.2	3828	3991	60.01466487451213	45	2123	0
979200	0.0	0.0	84443.6	28631.044190528573	1311.0	117.02307464769501	85754.6	28693.617468698507	708.6	23.971649922356203	3895.2	60.01466487451213	33393.0	1178.3081091123831	3543	708.6	671	741	23.971649922356203	166965	33393.0	31710	34797	1178.3081091123831	19476	3895.2	3828	3991	60.01466487451213	38	2185	0
982800	0.0	0.0	73332.6	25915.082601450453	1338.0	85.80209787645055	74670.6	25891.032181819246	715.2	24.30966885829587	3895.2	60.01466487451213	33839.0	1176.4728641154456	3576	715.2	676	746	24.30966885829587	169195	33839.0	32135	35259	1176.4728641154456	19476	3895.2	3828	3991	60.01466487451213	33	2230	0
986400	0.0	0.0	108887.8	41215.670041381105	1440.0	40.293920136913954	110327.8	41194.1714925789	725.0	26.115129714401192	3895.2	60.01466487451213	34319.0	1178.8521535799134	3625	725.0	682	753	26.115129714401192	171595	34319.0	32599	35729	1178.8521535799134	19476	3895.2	3828	3991	60.01466487451213	49	2400	0
990000	0.0	0.0	119998.8	30143.38737700194	1403.4	122.48526441984768	121402.2	30223.766975014874	735.8	24.959166652755055	3895.2	60.01466487451213	34786.8	1157.220704965133	3679	735.8	697	766	24.959166652755055	173934	34786.8	33066	36122	1157.220704965133	19476	3895.2	3828	3991	60.01466487451213	54	2339	0
993600	0.0	0.0	97776.8	20366.799418661736	1395.6	56.996842017782	99172.4	20397.36310016567	744.6	25.381883302859936	3895.2	60.01466487451213	35252.0	1150.6483389811156	3723	744.6	704	773	25.381883302859936	176260	35252.0	33550	36558	1150.6483389811156	19476	3895.2	3828	3991	60.01466487451213	44	2326	0
997200	0.0	0.0	99999.0	28973.94316968265	1349.4	55.13474403676869	101348.4	28991.937021178837	753.6	24.434401977539782	3895.2	60.01466487451213	35701.8	1164.4882824657361	3768	753.6	713	777	24.434401977539782	178509	35701.8	33982	37006	1164.4882824657361	19476	3895.2	3828	3991	60.01466487451213	45	2249	0
1000800	0.0	0.0	93332.4	33406.99121202028	1269.0	63.92182725798755	94601.4	33451.52390310492	762.0	21.93627133311402	3895.2	60.01466487451213	36124.8	1182.4441466724759	3810	762.0	724	783	21.93627133311402	180624	36124.8	34381	37468	1182.4441466724759	19476	3895.2	3828	3991	60.01466487451213	42	2115	0
1004400	0.0	0.0	59999.4	33406.99121202028	1267.2	54.15311625382236	61266.6	33452.144389261506	767.4	21.657331322210503	3895.2	60.01466487451213	36547.2	1190.6041155648672	3837	767.4	728	785	21.657331322210503	182736	36547.2	34809	37908	1190.6041155648672	19476	3895.2	3828	3991	60.01466487451213	27	2112	0
1008000	0.0	0.0	51110.6	21773.024425651114	1274.4	42.48576232104115	52385.0	21804.15214586433	772.0	22.045407685048602	3895.2	60.01466487451213	36972.0	1200.8518643030038	3860	772.0	731	790	22.045407685048602	184860	36972.0	35226	38357	1200.8518643030038	19476	3895.2	3828	3991	60.01466487451213	23	2124	0
1011600	0.0	0.0	37777.4	13333.199999999999	1243.8	94.72782062308833	39021.2	13260.73960833256	775.4	22.213509403063714	3895.2	60.01466487451213	37386.6	1206.4204242302928	3877	775.4	735	794	22.213509403063714	186933	37386.6	35640	38820	1206.4204242302928	19476	3895.2	3828	3991	60.01466487451213	17	2073	0
1015200	0.0	0.0	28888.6	23933.82646882859	1314.6	85.62149262889545	30203.2	24005.01363798821	778.0	21.32604042010612	3895.2	60.01466487451213	37824.8	1207.382855601321	3890	778.0	739	797	21.32604042010612	189124	37824.8	36067	39292	1207.382855601321	19476	3895.2	3828	3991	60.01466487451213	13	2191	0
1018800	0.0	0.0	13333.2	8314.711044889053	1320.6	69.74983870949093	14653.8	8334.063532275237	779.2	20.759576103572055	3895.2	60.01466487451213	38265.0	1217.1992441667057	3896	779.2	741	798	20.759576103572055	191325	38265.0	36465	39736	1217.1992441667057	19476	3895.2	3828	3991	60.01466487451213	6	2201	0
1022400	0.0	0.0	2222.2	4444.4	1351.2	24.927093693409184	3573.4	4422.817500191478	779.4	20.905501668221216	3895.2	60.01466487451213	38715.4	1211.1585527914997	3897	779.4	741	798	20.905501668221216	193577	38715.4	36924	40187	1211.1585527914997	19476	3895.2	3828	3991	60.01466487451213	1	2252	0
1026000	0.0	0.0	6666.6	5443.2561064127785	1392.0	76.90773693198884	8058.6	5392.119939318857	780.0	21.099763031844695	3895.2	60.01466487451213	39179.4	1200.5921205805075	3900	780.0	741	798	21.099763031844695	195897	39179.4	37380	40618	1200.5921205805075	19476	3895.2	3828	3991	60.01466487451213	3	2320	0
1029600	0.0	0.0	2222.2	4444.4	1371.6	67.54731674907597	3593.8	4446.112972023991	780.2	21.254646550813305	3895.2	60.01466487451213	39636.6	1187.68052943542	3901	780.2	741	798	21.254646550813305	198183	39636.6	37880	41065	1187.68052943542	19476	3895.2	3828	3991	60.01466487451213	1	2286	0
1033200	0.0	0.0	0.0	0.0	1330.8	54.019996297667404	1330.8	54.019996297667404	780.2	21.254646550813305	3895.2	60.01466487451213	40080.2	1201.0351202192214	3901	780.2	741	798	21.254646550813305	200401	40080.2	38302	41537	1201.0351202192214	19476	3895.2	3828	3991	60.01466487451213	0	2218	0
1036800	0.0	0.0	0.0	0.0	1278.0	66.84010771984138	1278.0	66.84010771984138	780.2	21.254646550813305	3895.2	60.01466487451213	40506.2	1202.0892479346114	3901	780.2	741	798	21.254646550813305	202531	40506.2	38720	41930	1202.0892479346114	19476	3895.2	3828	3991	60.01466487451213	0	2130	0
1040400	0.0	0.0	0.0	0.0	1305.0	76.20236216811129	1305.0	76.20236216811129	780.2	21.254646550813305	3895.2	60.01466487451213	40941.2	1227.028671221663	3901	780.2	741	798	21.254646550813305	204706	40941.2	39121	42400	1227.028671221663	19476	3895.2	3828	3991	60.01466487451213	0	2175	0
1044000	0.0	0.0	0.0	0.0	1098.6	123.71354008353329	1098.6	123.71354008353329	780.2	21.254646550813305	3895.2	60.01466487451213	41307.4	1217.0026458475759	3901	780.2	741	798	21.254646550813305	206537	41307.4	39499	42811	1217.0026458475759	19476	3895.2	3828	3991	60.01466487451213	0	1831	0
1047600	0.0	0.0	0.0	0.0	1058.4	274.0522577903711	1058.4	274.0522577903711	780.2	21.254646550813305	3895.2	60.01466487451213	41660.2	1193.4064521360692	3901	780.2	741	798	21.254646550813305	208301	41660.2	39845	43223	1193.4064521360692	19476	3895.2	3828	3991	60.01466487451213	0	1764	0
1051200	0.0	0.0	0.0	0.0	689.4	448.3345179662168	689.4	448.3345179662168	780.2	21.254646550813305	3895.2	60.01466487451213	41890.0	1276.0340120858848	3901	780.2	741	798	21.254646550813305	209450	41890.0	40104	43635	1276.0340120858848	19476	3895.2	3828	3991	60.01466487451213	0	1149	0
1054800	0.0	0.0	0.0	0.0	748.8	632.9092825990151	748.8	632.9092825990151	780.2	21.254646550813305	3895.2	60.01466487451213	42139.6	1393.9624959086955	3901	780.2	741	798	21.254646550813305	210698	42139.6	40441	44038	1393.9624959086955	19476	3895.2	3828	3991	60.01466487451213	0	1248	0
1058400	0.0	0.0	0.0	0.0	697.8	697.5696094297687	697.8	697.5696094297687	780.2	21.254646550813305	3895.2	60.01466487451213	42372.2	1424.9063688537574	3901	780.2	741	798	21.254646550813305	211861	42372.2	40961	44181	1424.9063688537574	19476	3895.2	3828	3991	60.01466487451213	0	1163	0
1062000	0.0	0.0	0.0	0.0	280.2	530.9088057284415	280.2	530.9088057284415	780.2	21.254646550813305	3895.2	60.01466487451213	42465.6	1531.8690022322403	3901	780.2	741	798	21.254646550813305	212328	42465.6	40981	44476	1531.8690022322403	19476	3895.2	3828	3991	60.01466487451213	0	467	0
1065600	0.0	0.0	0.0	0.0	0.0	0.0	0.0	0.0	780.2	21.254646550813305	3895.2	60.01466487451213	42465.6	1531.8690022322403	3901	780.2	741	798	21.254646550813305	212328	42465.6	40981	44476	1531.8690022322403	19476	3895.2	3828	3991	60.01466487451213	0	0	0
1069200	0.0	0.0	0.0	0.0	0.0	0.0	0.0	0.0	780.2	21.254646550813305	3895.2	60.01466487451213	42465.6	1531.8690022322403	3901	780.2	741	798	21.254646550813305	212328	42465.6	40981	44476	1531.8690022322403	19476	3895.2	3828	3991	60.01466487451213	0	0	0
1072800	0.0	0.0	0.0	0.0	0.0	0.0	0.0	0.0	780.2	21.254646550813305	3895.2	60.01466487451213	42465.6	1531.8690022322403	3901	780.2	741	798	21.254646550813305	212328	42465.6	40981	44476	1531.8690022322403	19476	3895.2	3828	3991	60.01466487451213	0	0	0
1076400	0.0	0.0	0.0	0.0	0.0	0.0	0.0	0.0	780.2	21.254646550813305	3895.2	60.01466487451213	42465.6	1531.8690022322403	3901	780.2	741	798	21.254646550813305	212328	42465.6	40981	44476	1531.8690022322403	19476	3895.2	3828	3991	60.01466487451213	0	0	0
1080000	0.0	0.0	0.0	0.0	0.0	0.0	0.0	0.0	780.2	21.254646550813305	3895.2	60.01466487451213	42465.6	1531.8690022322403	3901	780.2	741	798	21.254646550813305	212328	42465.6	40981	44476	1531.8690022322403	19476	3895.2	3828	3991	60.01466487451213	0	0	0
1083600	0.0	0.0	0.0	0.0	0.0	0.0	0.0	0.0	780.2	21.254646550813305	3895.2	60.01466487451213	42465.6	1531.8690022322403	3901	780.2	741	798	21.254646550813305	212328	42465.6	40981	44476	1531.8690022322403	19476	3895.2	3828	3991	60.01466487451213	0	0	0
1087200	0.0	0.0	0.0	0.0	0.0	0.0	0.0	0.0	780.2	21.254646550813305	3895.2	60.01466487451213	42465.6	1531.8690022322403	3901	780.2	741	798	21.254646550813305	212328	42465.6	40981	44476	1531.8690022322403	19476	3895.2	3828	3991	60.01466487451213	0	0	0
1090800	0.0	0.0	0.0	0.0	0.0	0.0	0.0	0.0	780.2	21.254646550813305	3895.2	60.01466487451213	42465.6	1531.8690022322403	3901	780.2	741	798	21.254646550813305	212328	42465.6	40981	44476	1531.8690022322403	19476	3895.2	3828	3991	60.01466487451213	0	0	0
1094400	0.0	0.0	0.0	0.0	0.0	0.0	0.0	0.0	780.2	21.254646550813305	3895.2	60.01466487451213	42465.6	1531.8690022322403	3901	780.2	741	798	21.254646550813305	212328	42465.6	40981	44476	1531.8690022322403	19476	3895.2	3828	3991	60.01466487451213	0	0	0
1098000	0.0	0.0	0.0	0.0	0.0	0.0	0.0	0.0	780.2	21.254646550813305	3895.2	60.01466487451213	42465.6	1531.8690022322403	3901	780.2	741	798	21.254646550813305	212328	42465.6	40981	44476	1531.8690022322403	19476	3895.2	3828	3991	60.01466487451213	0	0	0
1101600	0.0	0.0	0.0	0.0	0.0	0.0	0.0	0.0	780.2	21.254646550813305	3895.2	60.01466487451213	42465.6	1531.8690022322403	3901	780.2	741	798	21.254646550813305	212328	42465.6	40981	44476	1531.8690022322403	19476	3895.2	3828	3991	60.01466487451213	0	0	0
1105200	0.0	0.0	0.0	0.0	0.0	0.0	0.0	0.0	780.2	21.254646550813305	3895.2	60.01466487451213	42465.6	1531.8690022322403	3901	780.2	741	798	21.254646550813305	212328	42465.6	40981	44476	1531.8690022322403	19476	3895.2	3828	3991	60.01466487451213	0	0	0
1108800	0.0	0.0	0.0	0.0	0.0	0.0	0.0	0.0	780.2	21.254646550813305	3895.2	60.01466487451213	42465.6	1531.8690022322403	3901	780.2	741	798	21.254646550813305	212328	42465.6	40981	44476	1531.8690022322403	19476	3895.2	3828	3991	60.01466487451213	0	0	0
1112400	0.0	0.0	0.0	0.0	0.0	0.0	0.0	0.0	780.2	21.254646550813305	3895.2	60.01466487451213	42465.6	1531.8690022322403	3901	780.2	741	798	21.254646550813305	212328	42465.6	40981	44476	1531.8690022322403	19476	3895.2	3828	3991	60.01466487451213	0	0	0
1116000	0.0	0.0	0.0	0.0	0.0	0.0	0.0	0.0	780.2	21.254646550813305	3895.2	60.01466487451213	42465.6	1531.8690022322403	3901	780.2	741	798	21.254646550813305	212328	42465.6	40981	44476	1531.8690022322403	19476	3895.2	3828	3991	60.01466487451213	0	0	0
1119600	0.0	0.0	0.0	0.0	0.0	0.0	0.0	0.0	780.2	21.254646550813305	3895.2	60.01466487451213	42465.6	1531.8690022322403	3901	780.2	741	798	21.254646550813305	212328	42465.6	40981	44476	1531.8690022322403	19476	3895.2	3828	3991	60.01466487451213	0	0	0
1123200	0.0	0.0	0.0	0.0	0.0	0.0	0.0	0.0	780.2	21.254646550813305	3895.2	60.01466487451213	42465.6	1531.8690022322403	3901	780.2	741	798	21.254646550813305	212328	42465.6	40981	44476	1531.8690022322403	19476	3895.2	3828	3991	60.01466487451213	0	0	0
1126800	0.0	0.0	0.0	0.0	0.0	0.0	0.0	0.0	780.2	21.254646550813305	3895.2	60.01466487451213	42465.6	1531.8690022322403	3901	780.2	741	798	21.254646550813305	212328	42465.6	40981	44476	1531.8690022322403	19476	3895.2	3828	3991	60.01466487451213	0	0	0
1130400	0.0	0.0	0.0	0.0	0.0	0.0	0.0	0.0	780.2	21.254646550813305	3895.2	60.01466487451213	42465.6	1531.8690022322403	3901	780.2	741	798	21.254646550813305	212328	42465.6	40981	44476	1531.8690022322403	19476	3895.2	3828	3991	60.01466487451213	0	0	0
1134000	0.0	0.0	0.0	0.0	0.0	0.0	0.0	0.0	780.2	21.254646550813305	3895.2	60.01466487451213	42465.6	1531.8690022322403	3901	780.2	741	798	21.254646550813305	212328	42465.6	40981	44476	1531.8690022322403	19476	3895.2	3828	3991	60.01466487451213	0	0	0
1137600	0.0	0.0	0.0	0.0	0.0	0.0	0.0	0.0	780.2	21.254646550813305	3895.2	60.01466487451213	42465.6	1531.8690022322403	3901	780.2	741	798	21.254646550813305	212328	42465.6	40981	44476	1531.8690022322403	19476	3895.2	3828	3991	60.01466487451213	0	0	0
1141200	0.0	0.0	0.0	0.0	0.0	0.0	0.0	0.0	780.2	21.254646550813305	3895.2	60.01466487451213	42465.6	1531.8690022322403	3901	780.2	741	798	21.254646550813305	212328	42465.6	40981	44476	1531.8690022322403	19476	3895.2	3828	3991	60.01466487451213	0	0	0
1144800	0.0	0.0	0.0	0.0	0.0	0.0	0.0	0.0	780.2	21.254646550813305	3895.2	60.01466487451213	42465.6	1531.8690022322403	3901	780.2	741	798	21.254646550813305	212328	42465.6	40981	44476	1531.8690022322403	19476	3895.2	3828	3991	60.01466487451213	0	0	0
1148400	0.0	0.0	0.0	0.0	0.0	0.0	0.0	0.0	780.2	21.254646550813305	3895.2	60.01466487451213	42465.6	1531.8690022322403	3901	780.2	741	798	21.254646550813305	212328	42465.6	40981	44476	1531.8690022322403	19476	3895.2	3828	3991	60.01466487451213	0	0	0
1152000	0.0	0.0	0.0	0.0	0.0	0.0	0.0	0.0	780.2	21.254646550813305	3895.2	60.01466487451213	42465.6	1531.8690022322403	3901	780.2	741	798	21.254646550813305	212328	42465.6	40981	44476	1531.8690022322403	19476	3895.2	3828	3991	60.01466487451213	0	0	0
1155600	0.0	0.0	0.0	0.0	0.0	0.0	0.0	0.0	780.2	21.254646550813305	3895.2	60.01466487451213	42465.6	1531.8690022322403	3901	780.2	741	798	21.254646550813305	212328	42465.6	40981	44476	1531.8690022322403	19476	3895.2	3828	3991	60.01466487451213	0	0	0
1159200	0.0	0.0	0.0	0.0	0.0	0.0	0.0	0.0	780.2	21.254646550813305	3895.2	60.01466487451213	42465.6	1531.8690022322403	3901	780.2	741	798	21.254646550813305	212328	42465.6	40981	44476	1531.8690022322403	19476	3895.2	3828	3991	60.01466487451213	0	0	0
1162800	0.0	0.0	0.0	0.0	0.0	0.0	0.0	0.0	780.2	21.254646550813305	3895.2	60.01466487451213	42465.6	1531.8690022322403	3901	780.2	741	798	21.254646550813305	212328	42465.6	40981	44476	1531.8690022322403	19476	3895.2	3828	3991	60.01466487451213	0	0	0
1166400	0.0	0.0	0.0	0.0	0.0	0.0	0.0	0.0	780.2	21.254646550813305	3895.2	60.01466487451213	42465.6	1531.8690022322403	3901	780.2	741	798	21.254646550813305	212328	42465.6	40981	44476	1531.8690022322403	19476	3895.2	3828	3991	60.01466487451213	0	0	0
1170000	0.0	0.0	0.0	0.0	0.0	0.0	0.0	0.0	780.2	21.254646550813305	3895.2	60.01466487451213	42465.6	1531.8690022322403	3901	780.2	741	798	21.254646550813305	212328	42465.6	40981	44476	1531.8690022322403	19476	3895.2	3828	3991	60.01466487451213	0	0	0
1173600	0.0	0.0	0.0	0.0	0.0	0.0	0.0	0.0	780.2	21.254646550813305	3895.2	60.01466487451213	42465.6	1531.8690022322403	3901	780.2	741	798	21.254646550813305	212328	42465.6	40981	44476	1531.8690022322403	19476	3895.2	3828	3991	60.01466487451213	0	0	0
1177200	0.0	0.0	0.0	0.0	0.0	0.0	0.0	0.0	780.2	21.254646550813305	3895.2	60.01466487451213	42465.6	1531.8690022322403	3901	780.2	741	798	21.254646550813305	212328	42465.6	40981	44476	1531.8690022322403	19476	3895.2	3828	3991	60.01466487451213	0	0	0
1180800	0.0	0.0	0.0	0.0	0.0	0.0	0.0	0.0	780.2	21.254646550813305	3895.2	60.01466487451213	42465.6	1531.8690022322403	3901	780.2	741	798	21.254646550813305	212328	42465.6	40981	44476	1531.8690022322403	19476	3895.2	3828	3991	60.01466487451213	0	0	0
1184400	0.0	0.0	0.0	0.0	0.0	0.0	0.0	0.0	780.2	21.254646550813305	3895.2	60.01466487451213	42465.6	1531.8690022322403	3901	780.2	741	798	21.254646550813305	212328	42465.6	40981	44476	1531.8690022322403	19476	3895.2	3828	3991	60.01466487451213	0	0	0
1188000	0.0	0.0	0.0	0.0	0.0	0.0	0.0	0.0	780.2	21.254646550813305	3895.2	60.01466487451213	42465.6	1531.8690022322403	3901	780.2	741	798	21.254646550813305	212328	42465.6	40981	44476	1531.8690022322403	19476	3895.2	3828	3991	60.01466487451213	0	0	0
1191600	0.0	0.0	0.0	0.0	0.0	0.0	0.0	0.0	780.2	21.254646550813305	3895.2	60.01466487451213	42465.6	1531.8690022322403	3901	780.2	741	798	21.254646550813305	212328	42465.6	40981	44476	1531.8690022322403	19476	3895.2	3828	3991	60.01466487451213	0	0	0
1195200	0.0	0.0	0.0	0.0	0.0	0.0	0.0	0.0	780.2	21.254646550813305	3895.2	60.01466487451213	42465.6	1531.8690022322403	3901	780.2	741	798	21.254646550813305	212328	42465.6	40981	44476	1531.8690022322403	19476	3895.2	3828	3991	60.01466487451213	0	0	0
1198800	0.0	0.0	0.0	0.0	0.0	0.0	0.0	0.0	780.2	21.254646550813305	3895.2	60.01466487451213	42465.6	1531.8690022322403	3901	780.2	741	798	21.254646550813305	212328	42465.6	40981	44476	1531.8690022322403	19476	3895.2	3828	3991	60.01466487451213	0	0	0
1202400	0.0	0.0	0.0	0.0	0.0	0.0	0.0	0.0	780.2	21.254646550813305	3895.2	60.01466487451213	42465.6	1531.8690022322403	3901	780.2	741	798	21.254646550813305	212328	42465.6	40981	44476	1531.8690022322403	19476	3895.2	3828	3991	60.01466487451213	0	0	0
1206000	0.0	0.0	0.0	0.0	0.0	0.0	0.0	0.0	780.2	21.254646550813305	3895.2	60.01466487451213	42465.6	1531.8690022322403	3901	780.2	741	798	21.254646550813305	212328	42465.6	40981	44476	1531.8690022322403	19476	3895.2	3828	3991	60.01466487451213	0	0	0
