time	gasCollectMean(2)	gasCollectStd(3)	gasCreatePoolMean(4)	gasCreatePoolStd(5)	gasBurnMean(6)	gasBurnStd(7)	gasSwapMean(8)	gasSwapStd(9)	gasInitializeMean(10)	gasInitializeStd(11)	gasMintMean(12)	gasMintStd(13)	gasTotalMean(14)	gasTotalStd(15)	burnMean(16)	burnStd(17)	mintMean(18)	mintStd(19)	createPoolMean(20)	createPoolStd(21)	swapMean(22)	swapStd(23)	initializeMean(24)	initializeStd(25)	collectMean(26)	collectStd(27)	totPool(28)	avgPool(29)	minPool(30)	maxPool(31)	stdPool(32)	totLiquidity(33)	avgLiquidity(34)	minLiquidity(35)	maxLiquidity(36)	stdLiquidity(37)
0	0.0	0.0	1.5E7	0.0	0.0	0.0	0.0	0.0	0.0	0.0	0.0	0.0	1.5E7	0.0	0.0	0.0	0.0	0.0	60.0	0.0	0.0	0.0	0.0	0.0	0.0	0.0	300	60.0	60	60	0.0	0	0.0	0	0	0.0
60	0.0	0.0	1.5E7	0.0	0.0	0.0	0.0	0.0	0.0	0.0	0.0	0.0	1.5E7	0.0	0.0	0.0	0.0	0.0	120.0	0.0	0.0	0.0	0.0	0.0	0.0	0.0	600	120.0	120	120	0.0	0	0.0	0	0	0.0
120	0.0	0.0	1.5E7	0.0	0.0	0.0	0.0	0.0	0.0	0.0	0.0	0.0	1.5E7	0.0	0.0	0.0	0.0	0.0	180.0	0.0	0.0	0.0	0.0	0.0	0.0	0.0	900	180.0	180	180	0.0	0	0.0	0	0	0.0
180	0.0	0.0	1.5E7	0.0	0.0	0.0	0.0	0.0	0.0	0.0	0.0	0.0	1.5E7	0.0	0.0	0.0	0.0	0.0	240.0	0.0	0.0	0.0	0.0	0.0	0.0	0.0	1200	240.0	240	240	0.0	0	0.0	0	0	0.0
240	0.0	0.0	1.5E7	0.0	0.0	0.0	0.0	0.0	0.0	0.0	0.0	0.0	1.5E7	0.0	0.0	0.0	0.0	0.0	300.0	0.0	0.0	0.0	0.0	0.0	0.0	0.0	1500	300.0	300	300	0.0	0	0.0	0	0	0.0
300	0.0	0.0	1.5E7	0.0	0.0	0.0	0.0	0.0	0.0	0.0	0.0	0.0	1.5E7	0.0	0.0	0.0	0.0	0.0	360.0	0.0	0.0	0.0	0.0	0.0	0.0	0.0	1800	360.0	360	360	0.0	0	0.0	0	0	0.0
360	0.0	0.0	1.5E7	0.0	0.0	0.0	0.0	0.0	0.0	0.0	0.0	0.0	1.5E7	0.0	0.0	0.0	0.0	0.0	420.0	0.0	0.0	0.0	0.0	0.0	0.0	0.0	2100	420.0	420	420	0.0	0	0.0	0	0	0.0
420	0.0	0.0	1.5E7	0.0	0.0	0.0	0.0	0.0	0.0	0.0	0.0	0.0	1.5E7	0.0	0.0	0.0	0.0	0.0	480.0	0.0	0.0	0.0	0.0	0.0	0.0	0.0	2400	480.0	480	480	0.0	0	0.0	0	0	0.0
480	0.0	0.0	1.5E7	0.0	0.0	0.0	0.0	0.0	0.0	0.0	0.0	0.0	1.5E7	0.0	0.0	0.0	0.0	0.0	540.0	0.0	0.0	0.0	0.0	0.0	0.0	0.0	2700	540.0	540	540	0.0	0	0.0	0	0	0.0
540	0.0	0.0	1.5E7	0.0	0.0	0.0	0.0	0.0	0.0	0.0	0.0	0.0	1.5E7	0.0	0.0	0.0	0.0	0.0	600.0	0.0	0.0	0.0	0.0	0.0	0.0	0.0	3000	600.0	600	600	0.0	0	0.0	0	0	0.0
600	0.0	0.0	1.5E7	0.0	0.0	0.0	0.0	0.0	0.0	0.0	0.0	0.0	1.5E7	0.0	0.0	0.0	0.0	0.0	660.0	0.0	0.0	0.0	0.0	0.0	0.0	0.0	3300	660.0	660	660	0.0	0	0.0	0	0	0.0
660	0.0	0.0	1.5E7	0.0	0.0	0.0	0.0	0.0	0.0	0.0	0.0	0.0	1.5E7	0.0	0.0	0.0	0.0	0.0	720.0	0.0	0.0	0.0	0.0	0.0	0.0	0.0	3600	720.0	720	720	0.0	0	0.0	0	0	0.0
720	0.0	0.0	1.5E7	0.0	0.0	0.0	0.0	0.0	0.0	0.0	0.0	0.0	1.5E7	0.0	0.0	0.0	0.0	0.0	780.0	0.0	0.0	0.0	0.0	0.0	0.0	0.0	3900	780.0	780	780	0.0	0	0.0	0	0	0.0
780	0.0	0.0	1.5E7	0.0	0.0	0.0	0.0	0.0	0.0	0.0	0.0	0.0	1.5E7	0.0	0.0	0.0	0.0	0.0	840.0	0.0	0.0	0.0	0.0	0.0	0.0	0.0	4200	840.0	840	840	0.0	0	0.0	0	0	0.0
840	0.0	0.0	1.5E7	0.0	0.0	0.0	0.0	0.0	0.0	0.0	0.0	0.0	1.5E7	0.0	0.0	0.0	0.0	0.0	900.0	0.0	0.0	0.0	0.0	0.0	0.0	0.0	4500	900.0	900	900	0.0	0	0.0	0	0	0.0
900	0.0	0.0	1.5E7	0.0	0.0	0.0	0.0	0.0	0.0	0.0	0.0	0.0	1.5E7	0.0	0.0	0.0	0.0	0.0	960.0	0.0	0.0	0.0	0.0	0.0	0.0	0.0	4800	960.0	960	960	0.0	0	0.0	0	0	0.0
960	0.0	0.0	1.5E7	0.0	0.0	0.0	0.0	0.0	0.0	0.0	0.0	0.0	1.5E7	0.0	0.0	0.0	0.0	0.0	1020.0	0.0	0.0	0.0	0.0	0.0	0.0	0.0	5100	1020.0	1020	1020	0.0	0	0.0	0	0	0.0
1020	0.0	0.0	1.5E7	0.0	0.0	0.0	0.0	0.0	0.0	0.0	0.0	0.0	1.5E7	0.0	0.0	0.0	0.0	0.0	1080.0	0.0	0.0	0.0	0.0	0.0	0.0	0.0	5400	1080.0	1080	1080	0.0	0	0.0	0	0	0.0
1080	0.0	0.0	1.5E7	0.0	0.0	0.0	0.0	0.0	0.0	0.0	0.0	0.0	1.5E7	0.0	0.0	0.0	0.0	0.0	1140.0	0.0	0.0	0.0	0.0	0.0	0.0	0.0	5700	1140.0	1140	1140	0.0	0	0.0	0	0	0.0
1140	0.0	0.0	1.5E7	0.0	0.0	0.0	0.0	0.0	0.0	0.0	0.0	0.0	1.5E7	0.0	0.0	0.0	0.0	0.0	1200.0	0.0	0.0	0.0	0.0	0.0	0.0	0.0	6000	1200.0	1200	1200	0.0	0	0.0	0	0	0.0
1200	0.0	0.0	1.5E7	0.0	0.0	0.0	0.0	0.0	0.0	0.0	0.0	0.0	1.5E7	0.0	0.0	0.0	0.0	0.0	1260.0	0.0	0.0	0.0	0.0	0.0	0.0	0.0	6300	1260.0	1260	1260	0.0	0	0.0	0	0	0.0
1260	0.0	0.0	1.5E7	0.0	0.0	0.0	0.0	0.0	0.0	0.0	0.0	0.0	1.5E7	0.0	0.0	0.0	0.0	0.0	1320.0	0.0	0.0	0.0	0.0	0.0	0.0	0.0	6600	1320.0	1320	1320	0.0	0	0.0	0	0	0.0
1320	0.0	0.0	1.5E7	0.0	0.0	0.0	0.0	0.0	0.0	0.0	0.0	0.0	1.5E7	0.0	0.0	0.0	0.0	0.0	1380.0	0.0	0.0	0.0	0.0	0.0	0.0	0.0	6900	1380.0	1380	1380	0.0	0	0.0	0	0	0.0
1380	0.0	0.0	1.5E7	0.0	0.0	0.0	0.0	0.0	0.0	0.0	0.0	0.0	1.5E7	0.0	0.0	0.0	0.0	0.0	1440.0	0.0	0.0	0.0	0.0	0.0	0.0	0.0	7200	1440.0	1440	1440	0.0	0	0.0	0	0	0.0
1440	0.0	0.0	1.5E7	0.0	0.0	0.0	0.0	0.0	0.0	0.0	0.0	0.0	1.5E7	0.0	0.0	0.0	0.0	0.0	1500.0	0.0	0.0	0.0	0.0	0.0	0.0	0.0	7500	1500.0	1500	1500	0.0	0	0.0	0	0	0.0
1500	0.0	0.0	1.5E7	0.0	0.0	0.0	0.0	0.0	0.0	0.0	0.0	0.0	1.5E7	0.0	0.0	0.0	0.0	0.0	1560.0	0.0	0.0	0.0	0.0	0.0	0.0	0.0	7800	1560.0	1560	1560	0.0	0	0.0	0	0	0.0
1560	0.0	0.0	1.5E7	0.0	0.0	0.0	0.0	0.0	0.0	0.0	0.0	0.0	1.5E7	0.0	0.0	0.0	0.0	0.0	1620.0	0.0	0.0	0.0	0.0	0.0	0.0	0.0	8100	1620.0	1620	1620	0.0	0	0.0	0	0	0.0
1620	0.0	0.0	1.5E7	0.0	0.0	0.0	0.0	0.0	0.0	0.0	0.0	0.0	1.5E7	0.0	0.0	0.0	0.0	0.0	1680.0	0.0	0.0	0.0	0.0	0.0	0.0	0.0	8400	1680.0	1680	1680	0.0	0	0.0	0	0	0.0
1680	0.0	0.0	1.5E7	0.0	0.0	0.0	0.0	0.0	0.0	0.0	0.0	0.0	1.5E7	0.0	0.0	0.0	0.0	0.0	1740.0	0.0	0.0	0.0	0.0	0.0	0.0	0.0	8700	1740.0	1740	1740	0.0	0	0.0	0	0	0.0
1740	0.0	0.0	1.5E7	0.0	0.0	0.0	0.0	0.0	0.0	0.0	0.0	0.0	1.5E7	0.0	0.0	0.0	0.0	0.0	1800.0	0.0	0.0	0.0	0.0	0.0	0.0	0.0	9000	1800.0	1800	1800	0.0	0	0.0	0	0	0.0
1800	0.0	0.0	1.5E7	0.0	0.0	0.0	0.0	0.0	0.0	0.0	0.0	0.0	1.5E7	0.0	0.0	0.0	0.0	0.0	1860.0	0.0	0.0	0.0	0.0	0.0	0.0	0.0	9300	1860.0	1860	1860	0.0	0	0.0	0	0	0.0
1860	0.0	0.0	1.5E7	0.0	0.0	0.0	0.0	0.0	0.0	0.0	0.0	0.0	1.5E7	0.0	0.0	0.0	0.0	0.0	1920.0	0.0	0.0	0.0	0.0	0.0	0.0	0.0	9600	1920.0	1920	1920	0.0	0	0.0	0	0	0.0
1920	0.0	0.0	1.5E7	0.0	0.0	0.0	0.0	0.0	0.0	0.0	0.0	0.0	1.5E7	0.0	0.0	0.0	0.0	0.0	1980.0	0.0	0.0	0.0	0.0	0.0	0.0	0.0	9900	1980.0	1980	1980	0.0	0	0.0	0	0	0.0
1980	0.0	0.0	1.5E7	0.0	0.0	0.0	0.0	0.0	0.0	0.0	0.0	0.0	1.5E7	0.0	0.0	0.0	0.0	0.0	2040.0	0.0	0.0	0.0	0.0	0.0	0.0	0.0	10200	2040.0	2040	2040	0.0	0	0.0	0	0	0.0
2040	0.0	0.0	1.5E7	0.0	0.0	0.0	0.0	0.0	0.0	0.0	0.0	0.0	1.5E7	0.0	0.0	0.0	0.0	0.0	2100.0	0.0	0.0	0.0	0.0	0.0	0.0	0.0	10500	2100.0	2100	2100	0.0	0	0.0	0	0	0.0
2100	0.0	0.0	1.5E7	0.0	0.0	0.0	0.0	0.0	0.0	0.0	0.0	0.0	1.5E7	0.0	0.0	0.0	0.0	0.0	2160.0	0.0	0.0	0.0	0.0	0.0	0.0	0.0	10800	2160.0	2160	2160	0.0	0	0.0	0	0	0.0
2160	0.0	0.0	1.5E7	0.0	0.0	0.0	0.0	0.0	0.0	0.0	0.0	0.0	1.5E7	0.0	0.0	0.0	0.0	0.0	2220.0	0.0	0.0	0.0	0.0	0.0	0.0	0.0	11100	2220.0	2220	2220	0.0	0	0.0	0	0	0.0
2220	0.0	0.0	1.5E7	0.0	0.0	0.0	0.0	0.0	0.0	0.0	0.0	0.0	1.5E7	0.0	0.0	0.0	0.0	0.0	2280.0	0.0	0.0	0.0	0.0	0.0	0.0	0.0	11400	2280.0	2280	2280	0.0	0	0.0	0	0	0.0
2280	0.0	0.0	1.5E7	0.0	0.0	0.0	0.0	0.0	0.0	0.0	0.0	0.0	1.5E7	0.0	0.0	0.0	0.0	0.0	2340.0	0.0	0.0	0.0	0.0	0.0	0.0	0.0	11700	2340.0	2340	2340	0.0	0	0.0	0	0	0.0
2340	0.0	0.0	1.5E7	0.0	0.0	0.0	0.0	0.0	0.0	0.0	0.0	0.0	1.5E7	0.0	0.0	0.0	0.0	0.0	2400.0	0.0	0.0	0.0	0.0	0.0	0.0	0.0	12000	2400.0	2400	2400	0.0	0	0.0	0	0	0.0
2400	0.0	0.0	1.5E7	0.0	0.0	0.0	0.0	0.0	0.0	0.0	0.0	0.0	1.5E7	0.0	0.0	0.0	0.0	0.0	2460.0	0.0	0.0	0.0	0.0	0.0	0.0	0.0	12300	2460.0	2460	2460	0.0	0	0.0	0	0	0.0
2460	0.0	0.0	1.5E7	0.0	0.0	0.0	0.0	0.0	0.0	0.0	0.0	0.0	1.5E7	0.0	0.0	0.0	0.0	0.0	2520.0	0.0	0.0	0.0	0.0	0.0	0.0	0.0	12600	2520.0	2520	2520	0.0	0	0.0	0	0	0.0
2520	0.0	0.0	1.5E7	0.0	0.0	0.0	0.0	0.0	0.0	0.0	0.0	0.0	1.5E7	0.0	0.0	0.0	0.0	0.0	2580.0	0.0	0.0	0.0	0.0	0.0	0.0	0.0	12900	2580.0	2580	2580	0.0	0	0.0	0	0	0.0
2580	0.0	0.0	1.5E7	0.0	0.0	0.0	0.0	0.0	0.0	0.0	0.0	0.0	1.5E7	0.0	0.0	0.0	0.0	0.0	2640.0	0.0	0.0	0.0	0.0	0.0	0.0	0.0	13200	2640.0	2640	2640	0.0	0	0.0	0	0	0.0
2640	0.0	0.0	1.5E7	0.0	0.0	0.0	0.0	0.0	0.0	0.0	0.0	0.0	1.5E7	0.0	0.0	0.0	0.0	0.0	2700.0	0.0	0.0	0.0	0.0	0.0	0.0	0.0	13500	2700.0	2700	2700	0.0	0	0.0	0	0	0.0
2700	0.0	0.0	1.5E7	0.0	0.0	0.0	0.0	0.0	0.0	0.0	0.0	0.0	1.5E7	0.0	0.0	0.0	0.0	0.0	2760.0	0.0	0.0	0.0	0.0	0.0	0.0	0.0	13800	2760.0	2760	2760	0.0	0	0.0	0	0	0.0
2760	0.0	0.0	1.5E7	0.0	0.0	0.0	0.0	0.0	0.0	0.0	0.0	0.0	1.5E7	0.0	0.0	0.0	0.0	0.0	2820.0	0.0	0.0	0.0	0.0	0.0	0.0	0.0	14100	2820.0	2820	2820	0.0	0	0.0	0	0	0.0
2820	0.0	0.0	1.5E7	0.0	0.0	0.0	0.0	0.0	0.0	0.0	0.0	0.0	1.5E7	0.0	0.0	0.0	0.0	0.0	2880.0	0.0	0.0	0.0	0.0	0.0	0.0	0.0	14400	2880.0	2880	2880	0.0	0	0.0	0	0	0.0
2880	0.0	0.0	1.5E7	0.0	0.0	0.0	0.0	0.0	0.0	0.0	0.0	0.0	1.5E7	0.0	0.0	0.0	0.0	0.0	2940.0	0.0	0.0	0.0	0.0	0.0	0.0	0.0	14700	2940.0	2940	2940	0.0	0	0.0	0	0	0.0
2940	0.0	0.0	1.5E7	0.0	0.0	0.0	0.0	0.0	0.0	0.0	0.0	0.0	1.5E7	0.0	0.0	0.0	0.0	0.0	3000.0	0.0	0.0	0.0	0.0	0.0	0.0	0.0	15000	3000.0	3000	3000	0.0	0	0.0	0	0	0.0
3000	0.0	0.0	1.5E7	0.0	0.0	0.0	0.0	0.0	0.0	0.0	0.0	0.0	1.5E7	0.0	0.0	0.0	0.0	0.0	3060.0	0.0	0.0	0.0	0.0	0.0	0.0	0.0	15300	3060.0	3060	3060	0.0	0	0.0	0	0	0.0
3060	0.0	0.0	1.5E7	0.0	0.0	0.0	0.0	0.0	0.0	0.0	0.0	0.0	1.5E7	0.0	0.0	0.0	0.0	0.0	3120.0	0.0	0.0	0.0	0.0	0.0	0.0	0.0	15600	3120.0	3120	3120	0.0	0	0.0	0	0	0.0
3120	0.0	0.0	1.5E7	0.0	0.0	0.0	0.0	0.0	0.0	0.0	0.0	0.0	1.5E7	0.0	0.0	0.0	0.0	0.0	3180.0	0.0	0.0	0.0	0.0	0.0	0.0	0.0	15900	3180.0	3180	3180	0.0	0	0.0	0	0	0.0
3180	0.0	0.0	1.5E7	0.0	0.0	0.0	0.0	0.0	0.0	0.0	0.0	0.0	1.5E7	0.0	0.0	0.0	0.0	0.0	3240.0	0.0	0.0	0.0	0.0	0.0	0.0	0.0	16200	3240.0	3240	3240	0.0	0	0.0	0	0	0.0
3240	0.0	0.0	1.5E7	0.0	0.0	0.0	0.0	0.0	0.0	0.0	0.0	0.0	1.5E7	0.0	0.0	0.0	0.0	0.0	3300.0	0.0	0.0	0.0	0.0	0.0	0.0	0.0	16500	3300.0	3300	3300	0.0	0	0.0	0	0	0.0
3300	0.0	0.0	1.5E7	0.0	0.0	0.0	0.0	0.0	0.0	0.0	0.0	0.0	1.5E7	0.0	0.0	0.0	0.0	0.0	3360.0	0.0	0.0	0.0	0.0	0.0	0.0	0.0	16800	3360.0	3360	3360	0.0	0	0.0	0	0	0.0
3360	0.0	0.0	1.5E7	0.0	0.0	0.0	0.0	0.0	0.0	0.0	0.0	0.0	1.5E7	0.0	0.0	0.0	0.0	0.0	3420.0	0.0	0.0	0.0	0.0	0.0	0.0	0.0	17100	3420.0	3420	3420	0.0	0	0.0	0	0	0.0
3420	0.0	0.0	1.5E7	0.0	0.0	0.0	0.0	0.0	0.0	0.0	0.0	0.0	1.5E7	0.0	0.0	0.0	0.0	0.0	3480.0	0.0	0.0	0.0	0.0	0.0	0.0	0.0	17400	3480.0	3480	3480	0.0	0	0.0	0	0	0.0
3480	0.0	0.0	1.5E7	0.0	0.0	0.0	0.0	0.0	0.0	0.0	0.0	0.0	1.5E7	0.0	0.0	0.0	0.0	0.0	3540.0	0.0	0.0	0.0	0.0	0.0	0.0	0.0	17700	3540.0	3540	3540	0.0	0	0.0	0	0	0.0
3540	0.0	0.0	1.5E7	0.0	0.0	0.0	0.0	0.0	0.0	0.0	0.0	0.0	1.5E7	0.0	0.0	0.0	0.0	0.0	3600.0	0.0	0.0	0.0	0.0	0.0	0.0	0.0	18000	3600.0	3600	3600	0.0	0	0.0	0	0	0.0
3600	0.0	0.0	1.5E7	0.0	0.0	0.0	0.0	0.0	0.0	0.0	0.0	0.0	1.5E7	0.0	0.0	0.0	0.0	0.0	3660.0	0.0	0.0	0.0	0.0	0.0	0.0	0.0	18300	3660.0	3660	3660	0.0	0	0.0	0	0	0.0
3660	0.0	0.0	1.5E7	0.0	0.0	0.0	0.0	0.0	0.0	0.0	0.0	0.0	1.5E7	0.0	0.0	0.0	0.0	0.0	3720.0	0.0	0.0	0.0	0.0	0.0	0.0	0.0	18600	3720.0	3720	3720	0.0	0	0.0	0	0	0.0
3720	0.0	0.0	1.5E7	0.0	0.0	0.0	0.0	0.0	0.0	0.0	0.0	0.0	1.5E7	0.0	0.0	0.0	0.0	0.0	3780.0	0.0	0.0	0.0	0.0	0.0	0.0	0.0	18900	3780.0	3780	3780	0.0	0	0.0	0	0	0.0
3780	0.0	0.0	1.5E7	0.0	0.0	0.0	0.0	0.0	0.0	0.0	0.0	0.0	1.5E7	0.0	0.0	0.0	0.0	0.0	3840.0	0.0	0.0	0.0	0.0	0.0	0.0	0.0	19200	3840.0	3840	3840	0.0	0	0.0	0	0	0.0
3840	0.0	0.0	1.5E7	0.0	0.0	0.0	0.0	0.0	0.0	0.0	0.0	0.0	1.5E7	0.0	0.0	0.0	0.0	0.0	3900.0	0.0	0.0	0.0	0.0	0.0	0.0	0.0	19500	3900.0	3900	3900	0.0	0	0.0	0	0	0.0
3900	0.0	0.0	1.5E7	0.0	0.0	0.0	0.0	0.0	0.0	0.0	0.0	0.0	1.5E7	0.0	0.0	0.0	0.0	0.0	3960.0	0.0	0.0	0.0	0.0	0.0	0.0	0.0	19800	3960.0	3960	3960	0.0	0	0.0	0	0	0.0
3960	0.0	0.0	1.5E7	0.0	0.0	0.0	0.0	0.0	0.0	0.0	0.0	0.0	1.5E7	0.0	0.0	0.0	0.0	0.0	4020.0	0.0	0.0	0.0	0.0	0.0	0.0	0.0	20100	4020.0	4020	4020	0.0	0	0.0	0	0	0.0
4020	0.0	0.0	1.5E7	0.0	0.0	0.0	0.0	0.0	0.0	0.0	0.0	0.0	1.5E7	0.0	0.0	0.0	0.0	0.0	4080.0	0.0	0.0	0.0	0.0	0.0	0.0	0.0	20400	4080.0	4080	4080	0.0	0	0.0	0	0	0.0
4080	0.0	0.0	1.5E7	0.0	0.0	0.0	0.0	0.0	0.0	0.0	0.0	0.0	1.5E7	0.0	0.0	0.0	0.0	0.0	4140.0	0.0	0.0	0.0	0.0	0.0	0.0	0.0	20700	4140.0	4140	4140	0.0	0	0.0	0	0	0.0
4140	0.0	0.0	1.5E7	0.0	0.0	0.0	0.0	0.0	0.0	0.0	0.0	0.0	1.5E7	0.0	0.0	0.0	0.0	0.0	4200.0	0.0	0.0	0.0	0.0	0.0	0.0	0.0	21000	4200.0	4200	4200	0.0	0	0.0	0	0	0.0
4200	0.0	0.0	1.5E7	0.0	0.0	0.0	0.0	0.0	0.0	0.0	0.0	0.0	1.5E7	0.0	0.0	0.0	0.0	0.0	4260.0	0.0	0.0	0.0	0.0	0.0	0.0	0.0	21300	4260.0	4260	4260	0.0	0	0.0	0	0	0.0
4260	0.0	0.0	1.5E7	0.0	0.0	0.0	0.0	0.0	0.0	0.0	0.0	0.0	1.5E7	0.0	0.0	0.0	0.0	0.0	4320.0	0.0	0.0	0.0	0.0	0.0	0.0	0.0	21600	4320.0	4320	4320	0.0	0	0.0	0	0	0.0
4320	0.0	0.0	1.5E7	0.0	0.0	0.0	0.0	0.0	0.0	0.0	0.0	0.0	1.5E7	0.0	0.0	0.0	0.0	0.0	4380.0	0.0	0.0	0.0	0.0	0.0	0.0	0.0	21900	4380.0	4380	4380	0.0	0	0.0	0	0	0.0
4380	0.0	0.0	1.5E7	0.0	0.0	0.0	0.0	0.0	0.0	0.0	0.0	0.0	1.5E7	0.0	0.0	0.0	0.0	0.0	4440.0	0.0	0.0	0.0	0.0	0.0	0.0	0.0	22200	4440.0	4440	4440	0.0	0	0.0	0	0	0.0
4440	0.0	0.0	1.5E7	0.0	0.0	0.0	0.0	0.0	0.0	0.0	0.0	0.0	1.5E7	0.0	0.0	0.0	0.0	0.0	4500.0	0.0	0.0	0.0	0.0	0.0	0.0	0.0	22500	4500.0	4500	4500	0.0	0	0.0	0	0	0.0
4500	0.0	0.0	1.5E7	0.0	0.0	0.0	0.0	0.0	0.0	0.0	0.0	0.0	1.5E7	0.0	0.0	0.0	0.0	0.0	4560.0	0.0	0.0	0.0	0.0	0.0	0.0	0.0	22800	4560.0	4560	4560	0.0	0	0.0	0	0	0.0
4560	0.0	0.0	1.5E7	0.0	0.0	0.0	0.0	0.0	0.0	0.0	0.0	0.0	1.5E7	0.0	0.0	0.0	0.0	0.0	4620.0	0.0	0.0	0.0	0.0	0.0	0.0	0.0	23100	4620.0	4620	4620	0.0	0	0.0	0	0	0.0
4620	0.0	0.0	1.5E7	0.0	0.0	0.0	0.0	0.0	0.0	0.0	0.0	0.0	1.5E7	0.0	0.0	0.0	0.0	0.0	4680.0	0.0	0.0	0.0	0.0	0.0	0.0	0.0	23400	4680.0	4680	4680	0.0	0	0.0	0	0	0.0
4680	0.0	0.0	1.5E7	0.0	0.0	0.0	0.0	0.0	0.0	0.0	0.0	0.0	1.5E7	0.0	0.0	0.0	0.0	0.0	4740.0	0.0	0.0	0.0	0.0	0.0	0.0	0.0	23700	4740.0	4740	4740	0.0	0	0.0	0	0	0.0
4740	0.0	0.0	1.5E7	0.0	0.0	0.0	0.0	0.0	0.0	0.0	0.0	0.0	1.5E7	0.0	0.0	0.0	0.0	0.0	4800.0	0.0	0.0	0.0	0.0	0.0	0.0	0.0	24000	4800.0	4800	4800	0.0	0	0.0	0	0	0.0
4800	0.0	0.0	1.5E7	0.0	0.0	0.0	0.0	0.0	0.0	0.0	0.0	0.0	1.5E7	0.0	0.0	0.0	0.0	0.0	4860.0	0.0	0.0	0.0	0.0	0.0	0.0	0.0	24300	4860.0	4860	4860	0.0	0	0.0	0	0	0.0
4860	0.0	0.0	1.5E7	0.0	0.0	0.0	0.0	0.0	0.0	0.0	0.0	0.0	1.5E7	0.0	0.0	0.0	0.0	0.0	4920.0	0.0	0.0	0.0	0.0	0.0	0.0	0.0	24600	4920.0	4920	4920	0.0	0	0.0	0	0	0.0
4920	0.0	0.0	1.5E7	0.0	0.0	0.0	0.0	0.0	0.0	0.0	0.0	0.0	1.5E7	0.0	0.0	0.0	0.0	0.0	4980.0	0.0	0.0	0.0	0.0	0.0	0.0	0.0	24900	4980.0	4980	4980	0.0	0	0.0	0	0	0.0
4980	0.0	0.0	1.5E7	0.0	0.0	0.0	0.0	0.0	0.0	0.0	0.0	0.0	1.5E7	0.0	0.0	0.0	0.0	0.0	5040.0	0.0	0.0	0.0	0.0	0.0	0.0	0.0	25200	5040.0	5040	5040	0.0	0	0.0	0	0	0.0
5040	0.0	0.0	1.5E7	0.0	0.0	0.0	0.0	0.0	0.0	0.0	0.0	0.0	1.5E7	0.0	0.0	0.0	0.0	0.0	5100.0	0.0	0.0	0.0	0.0	0.0	0.0	0.0	25500	5100.0	5100	5100	0.0	0	0.0	0	0	0.0
5100	0.0	0.0	1.5E7	0.0	0.0	0.0	0.0	0.0	0.0	0.0	0.0	0.0	1.5E7	0.0	0.0	0.0	0.0	0.0	5160.0	0.0	0.0	0.0	0.0	0.0	0.0	0.0	25800	5160.0	5160	5160	0.0	0	0.0	0	0	0.0
5160	0.0	0.0	1.5E7	0.0	0.0	0.0	0.0	0.0	0.0	0.0	0.0	0.0	1.5E7	0.0	0.0	0.0	0.0	0.0	5220.0	0.0	0.0	0.0	0.0	0.0	0.0	0.0	26100	5220.0	5220	5220	0.0	0	0.0	0	0	0.0
5220	0.0	0.0	1.5E7	0.0	0.0	0.0	0.0	0.0	0.0	0.0	0.0	0.0	1.5E7	0.0	0.0	0.0	0.0	0.0	5280.0	0.0	0.0	0.0	0.0	0.0	0.0	0.0	26400	5280.0	5280	5280	0.0	0	0.0	0	0	0.0
5280	0.0	0.0	1.5E7	0.0	0.0	0.0	0.0	0.0	0.0	0.0	0.0	0.0	1.5E7	0.0	0.0	0.0	0.0	0.0	5340.0	0.0	0.0	0.0	0.0	0.0	0.0	0.0	26700	5340.0	5340	5340	0.0	0	0.0	0	0	0.0
5340	0.0	0.0	1.5E7	0.0	0.0	0.0	0.0	0.0	0.0	0.0	0.0	0.0	1.5E7	0.0	0.0	0.0	0.0	0.0	5400.0	0.0	0.0	0.0	0.0	0.0	0.0	0.0	27000	5400.0	5400	5400	0.0	0	0.0	0	0	0.0
5400	0.0	0.0	1.5E7	0.0	0.0	0.0	0.0	0.0	0.0	0.0	0.0	0.0	1.5E7	0.0	0.0	0.0	0.0	0.0	5460.0	0.0	0.0	0.0	0.0	0.0	0.0	0.0	27300	5460.0	5460	5460	0.0	0	0.0	0	0	0.0
5460	0.0	0.0	1.5E7	0.0	0.0	0.0	0.0	0.0	0.0	0.0	0.0	0.0	1.5E7	0.0	0.0	0.0	0.0	0.0	5520.0	0.0	0.0	0.0	0.0	0.0	0.0	0.0	27600	5520.0	5520	5520	0.0	0	0.0	0	0	0.0
5520	0.0	0.0	1.5E7	0.0	0.0	0.0	0.0	0.0	0.0	0.0	0.0	0.0	1.5E7	0.0	0.0	0.0	0.0	0.0	5580.0	0.0	0.0	0.0	0.0	0.0	0.0	0.0	27900	5580.0	5580	5580	0.0	0	0.0	0	0	0.0
5580	0.0	0.0	1.5E7	0.0	0.0	0.0	0.0	0.0	0.0	0.0	0.0	0.0	1.5E7	0.0	0.0	0.0	0.0	0.0	5640.0	0.0	0.0	0.0	0.0	0.0	0.0	0.0	28200	5640.0	5640	5640	0.0	0	0.0	0	0	0.0
5640	0.0	0.0	1.5E7	0.0	0.0	0.0	0.0	0.0	0.0	0.0	0.0	0.0	1.5E7	0.0	0.0	0.0	0.0	0.0	5700.0	0.0	0.0	0.0	0.0	0.0	0.0	0.0	28500	5700.0	5700	5700	0.0	0	0.0	0	0	0.0
5700	0.0	0.0	1.5E7	0.0	0.0	0.0	0.0	0.0	0.0	0.0	0.0	0.0	1.5E7	0.0	0.0	0.0	0.0	0.0	5760.0	0.0	0.0	0.0	0.0	0.0	0.0	0.0	28800	5760.0	5760	5760	0.0	0	0.0	0	0	0.0
5760	0.0	0.0	1.5E7	0.0	0.0	0.0	0.0	0.0	0.0	0.0	0.0	0.0	1.5E7	0.0	0.0	0.0	0.0	0.0	5820.0	0.0	0.0	0.0	0.0	0.0	0.0	0.0	29100	5820.0	5820	5820	0.0	0	0.0	0	0	0.0
5820	0.0	0.0	1.5E7	0.0	0.0	0.0	0.0	0.0	0.0	0.0	0.0	0.0	1.5E7	0.0	0.0	0.0	0.0	0.0	5880.0	0.0	0.0	0.0	0.0	0.0	0.0	0.0	29400	5880.0	5880	5880	0.0	0	0.0	0	0	0.0
5880	0.0	0.0	1.5E7	0.0	0.0	0.0	0.0	0.0	0.0	0.0	0.0	0.0	1.5E7	0.0	0.0	0.0	0.0	0.0	5940.0	0.0	0.0	0.0	0.0	0.0	0.0	0.0	29700	5940.0	5940	5940	0.0	0	0.0	0	0	0.0
5940	0.0	0.0	1.5E7	0.0	0.0	0.0	0.0	0.0	0.0	0.0	0.0	0.0	1.5E7	0.0	0.0	0.0	0.0	0.0	6000.0	0.0	0.0	0.0	0.0	0.0	0.0	0.0	30000	6000.0	6000	6000	0.0	0	0.0	0	0	0.0
6000	0.0	0.0	1.5E7	0.0	0.0	0.0	0.0	0.0	0.0	0.0	0.0	0.0	1.5E7	0.0	0.0	0.0	0.0	0.0	6060.0	0.0	0.0	0.0	0.0	0.0	0.0	0.0	30300	6060.0	6060	6060	0.0	0	0.0	0	0	0.0
6060	0.0	0.0	1.5E7	0.0	0.0	0.0	0.0	0.0	0.0	0.0	0.0	0.0	1.5E7	0.0	0.0	0.0	0.0	0.0	6120.0	0.0	0.0	0.0	0.0	0.0	0.0	0.0	30600	6120.0	6120	6120	0.0	0	0.0	0	0	0.0
6120	0.0	0.0	1.5E7	0.0	0.0	0.0	0.0	0.0	0.0	0.0	0.0	0.0	1.5E7	0.0	0.0	0.0	0.0	0.0	6180.0	0.0	0.0	0.0	0.0	0.0	0.0	0.0	30900	6180.0	6180	6180	0.0	0	0.0	0	0	0.0
6180	0.0	0.0	1.5E7	0.0	0.0	0.0	0.0	0.0	0.0	0.0	0.0	0.0	1.5E7	0.0	0.0	0.0	0.0	0.0	6240.0	0.0	0.0	0.0	0.0	0.0	0.0	0.0	31200	6240.0	6240	6240	0.0	0	0.0	0	0	0.0
6240	0.0	0.0	1.5E7	0.0	0.0	0.0	0.0	0.0	0.0	0.0	0.0	0.0	1.5E7	0.0	0.0	0.0	0.0	0.0	6300.0	0.0	0.0	0.0	0.0	0.0	0.0	0.0	31500	6300.0	6300	6300	0.0	0	0.0	0	0	0.0
6300	0.0	0.0	1.5E7	0.0	0.0	0.0	0.0	0.0	0.0	0.0	0.0	0.0	1.5E7	0.0	0.0	0.0	0.0	0.0	6360.0	0.0	0.0	0.0	0.0	0.0	0.0	0.0	31800	6360.0	6360	6360	0.0	0	0.0	0	0	0.0
6360	0.0	0.0	1.5E7	0.0	0.0	0.0	0.0	0.0	0.0	0.0	0.0	0.0	1.5E7	0.0	0.0	0.0	0.0	0.0	6420.0	0.0	0.0	0.0	0.0	0.0	0.0	0.0	32100	6420.0	6420	6420	0.0	0	0.0	0	0	0.0
6420	0.0	0.0	1.5E7	0.0	0.0	0.0	0.0	0.0	0.0	0.0	0.0	0.0	1.5E7	0.0	0.0	0.0	0.0	0.0	6480.0	0.0	0.0	0.0	0.0	0.0	0.0	0.0	32400	6480.0	6480	6480	0.0	0	0.0	0	0	0.0
6480	0.0	0.0	1.5E7	0.0	0.0	0.0	0.0	0.0	0.0	0.0	0.0	0.0	1.5E7	0.0	0.0	0.0	0.0	0.0	6540.0	0.0	0.0	0.0	0.0	0.0	0.0	0.0	32700	6540.0	6540	6540	0.0	0	0.0	0	0	0.0
6540	0.0	0.0	1.5E7	0.0	0.0	0.0	0.0	0.0	0.0	0.0	0.0	0.0	1.5E7	0.0	0.0	0.0	0.0	0.0	6600.0	0.0	0.0	0.0	0.0	0.0	0.0	0.0	33000	6600.0	6600	6600	0.0	0	0.0	0	0	0.0
6600	0.0	0.0	1.5E7	0.0	0.0	0.0	0.0	0.0	0.0	0.0	0.0	0.0	1.5E7	0.0	0.0	0.0	0.0	0.0	6660.0	0.0	0.0	0.0	0.0	0.0	0.0	0.0	33300	6660.0	6660	6660	0.0	0	0.0	0	0	0.0
6660	0.0	0.0	1.5E7	0.0	0.0	0.0	0.0	0.0	0.0	0.0	0.0	0.0	1.5E7	0.0	0.0	0.0	0.0	0.0	6720.0	0.0	0.0	0.0	0.0	0.0	0.0	0.0	33600	6720.0	6720	6720	0.0	0	0.0	0	0	0.0
6720	0.0	0.0	1.5E7	0.0	0.0	0.0	0.0	0.0	0.0	0.0	0.0	0.0	1.5E7	0.0	0.0	0.0	0.0	0.0	6780.0	0.0	0.0	0.0	0.0	0.0	0.0	0.0	33900	6780.0	6780	6780	0.0	0	0.0	0	0	0.0
6780	0.0	0.0	1.5E7	0.0	0.0	0.0	0.0	0.0	0.0	0.0	0.0	0.0	1.5E7	0.0	0.0	0.0	0.0	0.0	6840.0	0.0	0.0	0.0	0.0	0.0	0.0	0.0	34200	6840.0	6840	6840	0.0	0	0.0	0	0	0.0
6840	0.0	0.0	1.5E7	0.0	0.0	0.0	0.0	0.0	0.0	0.0	0.0	0.0	1.5E7	0.0	0.0	0.0	0.0	0.0	6900.0	0.0	0.0	0.0	0.0	0.0	0.0	0.0	34500	6900.0	6900	6900	0.0	0	0.0	0	0	0.0
6900	0.0	0.0	1.5E7	0.0	0.0	0.0	0.0	0.0	0.0	0.0	0.0	0.0	1.5E7	0.0	0.0	0.0	0.0	0.0	6960.0	0.0	0.0	0.0	0.0	0.0	0.0	0.0	34800	6960.0	6960	6960	0.0	0	0.0	0	0	0.0
6960	0.0	0.0	1.5E7	0.0	0.0	0.0	0.0	0.0	0.0	0.0	0.0	0.0	1.5E7	0.0	0.0	0.0	0.0	0.0	7020.0	0.0	0.0	0.0	0.0	0.0	0.0	0.0	35100	7020.0	7020	7020	0.0	0	0.0	0	0	0.0
7020	0.0	0.0	1.5E7	0.0	0.0	0.0	0.0	0.0	0.0	0.0	0.0	0.0	1.5E7	0.0	0.0	0.0	0.0	0.0	7080.0	0.0	0.0	0.0	0.0	0.0	0.0	0.0	35400	7080.0	7080	7080	0.0	0	0.0	0	0	0.0
7080	0.0	0.0	1.5E7	0.0	0.0	0.0	0.0	0.0	0.0	0.0	0.0	0.0	1.5E7	0.0	0.0	0.0	0.0	0.0	7140.0	0.0	0.0	0.0	0.0	0.0	0.0	0.0	35700	7140.0	7140	7140	0.0	0	0.0	0	0	0.0
7140	0.0	0.0	1.5E7	0.0	0.0	0.0	0.0	0.0	0.0	0.0	0.0	0.0	1.5E7	0.0	0.0	0.0	0.0	0.0	7200.0	0.0	0.0	0.0	0.0	0.0	0.0	0.0	36000	7200.0	7200	7200	0.0	0	0.0	0	0	0.0
7200	0.0	0.0	1.5E7	0.0	0.0	0.0	0.0	0.0	0.0	0.0	0.0	0.0	1.5E7	0.0	0.0	0.0	0.0	0.0	7260.0	0.0	0.0	0.0	0.0	0.0	0.0	0.0	36300	7260.0	7260	7260	0.0	0	0.0	0	0	0.0
7260	0.0	0.0	1.5E7	0.0	0.0	0.0	0.0	0.0	0.0	0.0	0.0	0.0	1.5E7	0.0	0.0	0.0	0.0	0.0	7320.0	0.0	0.0	0.0	0.0	0.0	0.0	0.0	36600	7320.0	7320	7320	0.0	0	0.0	0	0	0.0
7320	0.0	0.0	1.5E7	0.0	0.0	0.0	0.0	0.0	0.0	0.0	0.0	0.0	1.5E7	0.0	0.0	0.0	0.0	0.0	7380.0	0.0	0.0	0.0	0.0	0.0	0.0	0.0	36900	7380.0	7380	7380	0.0	0	0.0	0	0	0.0
7380	0.0	0.0	1.5E7	0.0	0.0	0.0	0.0	0.0	0.0	0.0	0.0	0.0	1.5E7	0.0	0.0	0.0	0.0	0.0	7440.0	0.0	0.0	0.0	0.0	0.0	0.0	0.0	37200	7440.0	7440	7440	0.0	0	0.0	0	0	0.0
7440	0.0	0.0	1.5E7	0.0	0.0	0.0	0.0	0.0	0.0	0.0	0.0	0.0	1.5E7	0.0	0.0	0.0	0.0	0.0	7500.0	0.0	0.0	0.0	0.0	0.0	0.0	0.0	37500	7500.0	7500	7500	0.0	0	0.0	0	0	0.0
7500	0.0	0.0	1.5E7	0.0	0.0	0.0	0.0	0.0	0.0	0.0	0.0	0.0	1.5E7	0.0	0.0	0.0	0.0	0.0	7560.0	0.0	0.0	0.0	0.0	0.0	0.0	0.0	37800	7560.0	7560	7560	0.0	0	0.0	0	0	0.0
7560	0.0	0.0	1.5E7	0.0	0.0	0.0	0.0	0.0	0.0	0.0	0.0	0.0	1.5E7	0.0	0.0	0.0	0.0	0.0	7620.0	0.0	0.0	0.0	0.0	0.0	0.0	0.0	38100	7620.0	7620	7620	0.0	0	0.0	0	0	0.0
7620	0.0	0.0	1.5E7	0.0	0.0	0.0	0.0	0.0	0.0	0.0	0.0	0.0	1.5E7	0.0	0.0	0.0	0.0	0.0	7680.0	0.0	0.0	0.0	0.0	0.0	0.0	0.0	38400	7680.0	7680	7680	0.0	0	0.0	0	0	0.0
7680	0.0	0.0	1.5E7	0.0	0.0	0.0	0.0	0.0	0.0	0.0	0.0	0.0	1.5E7	0.0	0.0	0.0	0.0	0.0	7740.0	0.0	0.0	0.0	0.0	0.0	0.0	0.0	38700	7740.0	7740	7740	0.0	0	0.0	0	0	0.0
7740	0.0	0.0	1.5E7	0.0	0.0	0.0	0.0	0.0	0.0	0.0	0.0	0.0	1.5E7	0.0	0.0	0.0	0.0	0.0	7800.0	0.0	0.0	0.0	0.0	0.0	0.0	0.0	39000	7800.0	7800	7800	0.0	0	0.0	0	0	0.0
7800	0.0	0.0	1.5E7	0.0	0.0	0.0	0.0	0.0	0.0	0.0	0.0	0.0	1.5E7	0.0	0.0	0.0	0.0	0.0	7860.0	0.0	0.0	0.0	0.0	0.0	0.0	0.0	39300	7860.0	7860	7860	0.0	0	0.0	0	0	0.0
7860	0.0	0.0	1.5E7	0.0	0.0	0.0	0.0	0.0	0.0	0.0	0.0	0.0	1.5E7	0.0	0.0	0.0	0.0	0.0	7920.0	0.0	0.0	0.0	0.0	0.0	0.0	0.0	39600	7920.0	7920	7920	0.0	0	0.0	0	0	0.0
7920	0.0	0.0	1.5E7	0.0	0.0	0.0	0.0	0.0	0.0	0.0	0.0	0.0	1.5E7	0.0	0.0	0.0	0.0	0.0	7980.0	0.0	0.0	0.0	0.0	0.0	0.0	0.0	39900	7980.0	7980	7980	0.0	0	0.0	0	0	0.0
7980	0.0	0.0	1.5E7	0.0	0.0	0.0	0.0	0.0	0.0	0.0	0.0	0.0	1.5E7	0.0	0.0	0.0	0.0	0.0	8040.0	0.0	0.0	0.0	0.0	0.0	0.0	0.0	40200	8040.0	8040	8040	0.0	0	0.0	0	0	0.0
8040	0.0	0.0	1.5E7	0.0	0.0	0.0	0.0	0.0	0.0	0.0	0.0	0.0	1.5E7	0.0	0.0	0.0	0.0	0.0	8100.0	0.0	0.0	0.0	0.0	0.0	0.0	0.0	40500	8100.0	8100	8100	0.0	0	0.0	0	0	0.0
8100	0.0	0.0	1.5E7	0.0	0.0	0.0	0.0	0.0	0.0	0.0	0.0	0.0	1.5E7	0.0	0.0	0.0	0.0	0.0	8160.0	0.0	0.0	0.0	0.0	0.0	0.0	0.0	40800	8160.0	8160	8160	0.0	0	0.0	0	0	0.0
8160	0.0	0.0	1.5E7	0.0	0.0	0.0	0.0	0.0	0.0	0.0	0.0	0.0	1.5E7	0.0	0.0	0.0	0.0	0.0	8220.0	0.0	0.0	0.0	0.0	0.0	0.0	0.0	41100	8220.0	8220	8220	0.0	0	0.0	0	0	0.0
8220	0.0	0.0	1.5E7	0.0	0.0	0.0	0.0	0.0	0.0	0.0	0.0	0.0	1.5E7	0.0	0.0	0.0	0.0	0.0	8280.0	0.0	0.0	0.0	0.0	0.0	0.0	0.0	41400	8280.0	8280	8280	0.0	0	0.0	0	0	0.0
8280	0.0	0.0	1.5E7	0.0	0.0	0.0	0.0	0.0	0.0	0.0	0.0	0.0	1.5E7	0.0	0.0	0.0	0.0	0.0	8340.0	0.0	0.0	0.0	0.0	0.0	0.0	0.0	41700	8340.0	8340	8340	0.0	0	0.0	0	0	0.0
8340	0.0	0.0	1.5E7	0.0	0.0	0.0	0.0	0.0	0.0	0.0	0.0	0.0	1.5E7	0.0	0.0	0.0	0.0	0.0	8400.0	0.0	0.0	0.0	0.0	0.0	0.0	0.0	42000	8400.0	8400	8400	0.0	0	0.0	0	0	0.0
8400	0.0	0.0	1.5E7	0.0	0.0	0.0	0.0	0.0	0.0	0.0	0.0	0.0	1.5E7	0.0	0.0	0.0	0.0	0.0	8460.0	0.0	0.0	0.0	0.0	0.0	0.0	0.0	42300	8460.0	8460	8460	0.0	0	0.0	0	0	0.0
8460	0.0	0.0	1.5E7	0.0	0.0	0.0	0.0	0.0	0.0	0.0	0.0	0.0	1.5E7	0.0	0.0	0.0	0.0	0.0	8520.0	0.0	0.0	0.0	0.0	0.0	0.0	0.0	42600	8520.0	8520	8520	0.0	0	0.0	0	0	0.0
8520	0.0	0.0	1.5E7	0.0	0.0	0.0	0.0	0.0	0.0	0.0	0.0	0.0	1.5E7	0.0	0.0	0.0	0.0	0.0	8580.0	0.0	0.0	0.0	0.0	0.0	0.0	0.0	42900	8580.0	8580	8580	0.0	0	0.0	0	0	0.0
8580	0.0	0.0	1.5E7	0.0	0.0	0.0	0.0	0.0	0.0	0.0	0.0	0.0	1.5E7	0.0	0.0	0.0	0.0	0.0	8640.0	0.0	0.0	0.0	0.0	0.0	0.0	0.0	43200	8640.0	8640	8640	0.0	0	0.0	0	0	0.0
8640	0.0	0.0	1.5E7	0.0	0.0	0.0	0.0	0.0	0.0	0.0	0.0	0.0	1.5E7	0.0	0.0	0.0	0.0	0.0	8700.0	0.0	0.0	0.0	0.0	0.0	0.0	0.0	43500	8700.0	8700	8700	0.0	0	0.0	0	0	0.0
8700	0.0	0.0	1.5E7	0.0	0.0	0.0	0.0	0.0	0.0	0.0	0.0	0.0	1.5E7	0.0	0.0	0.0	0.0	0.0	8760.0	0.0	0.0	0.0	0.0	0.0	0.0	0.0	43800	8760.0	8760	8760	0.0	0	0.0	0	0	0.0
8760	0.0	0.0	1.5E7	0.0	0.0	0.0	0.0	0.0	0.0	0.0	0.0	0.0	1.5E7	0.0	0.0	0.0	0.0	0.0	8820.0	0.0	0.0	0.0	0.0	0.0	0.0	0.0	44100	8820.0	8820	8820	0.0	0	0.0	0	0	0.0
8820	0.0	0.0	1.5E7	0.0	0.0	0.0	0.0	0.0	0.0	0.0	0.0	0.0	1.5E7	0.0	0.0	0.0	0.0	0.0	8880.0	0.0	0.0	0.0	0.0	0.0	0.0	0.0	44400	8880.0	8880	8880	0.0	0	0.0	0	0	0.0
8880	0.0	0.0	1.5E7	0.0	0.0	0.0	0.0	0.0	0.0	0.0	0.0	0.0	1.5E7	0.0	0.0	0.0	0.0	0.0	8940.0	0.0	0.0	0.0	0.0	0.0	0.0	0.0	44700	8940.0	8940	8940	0.0	0	0.0	0	0	0.0
8940	0.0	0.0	1.5E7	0.0	0.0	0.0	0.0	0.0	0.0	0.0	0.0	0.0	1.5E7	0.0	0.0	0.0	0.0	0.0	9000.0	0.0	0.0	0.0	0.0	0.0	0.0	0.0	45000	9000.0	9000	9000	0.0	0	0.0	0	0	0.0
9000	0.0	0.0	1.5E7	0.0	0.0	0.0	0.0	0.0	0.0	0.0	0.0	0.0	1.5E7	0.0	0.0	0.0	0.0	0.0	9060.0	0.0	0.0	0.0	0.0	0.0	0.0	0.0	45300	9060.0	9060	9060	0.0	0	0.0	0	0	0.0
9060	0.0	0.0	1.5E7	0.0	0.0	0.0	0.0	0.0	0.0	0.0	0.0	0.0	1.5E7	0.0	0.0	0.0	0.0	0.0	9120.0	0.0	0.0	0.0	0.0	0.0	0.0	0.0	45600	9120.0	9120	9120	0.0	0	0.0	0	0	0.0
9120	0.0	0.0	1.5E7	0.0	0.0	0.0	0.0	0.0	0.0	0.0	0.0	0.0	1.5E7	0.0	0.0	0.0	0.0	0.0	9180.0	0.0	0.0	0.0	0.0	0.0	0.0	0.0	45900	9180.0	9180	9180	0.0	0	0.0	0	0	0.0
9180	0.0	0.0	1.5E7	0.0	0.0	0.0	0.0	0.0	0.0	0.0	0.0	0.0	1.5E7	0.0	0.0	0.0	0.0	0.0	9240.0	0.0	0.0	0.0	0.0	0.0	0.0	0.0	46200	9240.0	9240	9240	0.0	0	0.0	0	0	0.0
9240	0.0	0.0	1.5E7	0.0	0.0	0.0	0.0	0.0	0.0	0.0	0.0	0.0	1.5E7	0.0	0.0	0.0	0.0	0.0	9300.0	0.0	0.0	0.0	0.0	0.0	0.0	0.0	46500	9300.0	9300	9300	0.0	0	0.0	0	0	0.0
9300	0.0	0.0	1.5E7	0.0	0.0	0.0	0.0	0.0	0.0	0.0	0.0	0.0	1.5E7	0.0	0.0	0.0	0.0	0.0	9360.0	0.0	0.0	0.0	0.0	0.0	0.0	0.0	46800	9360.0	9360	9360	0.0	0	0.0	0	0	0.0
9360	0.0	0.0	1.5E7	0.0	0.0	0.0	0.0	0.0	0.0	0.0	0.0	0.0	1.5E7	0.0	0.0	0.0	0.0	0.0	9420.0	0.0	0.0	0.0	0.0	0.0	0.0	0.0	47100	9420.0	9420	9420	0.0	0	0.0	0	0	0.0
9420	0.0	0.0	1.5E7	0.0	0.0	0.0	0.0	0.0	0.0	0.0	0.0	0.0	1.5E7	0.0	0.0	0.0	0.0	0.0	9480.0	0.0	0.0	0.0	0.0	0.0	0.0	0.0	47400	9480.0	9480	9480	0.0	0	0.0	0	0	0.0
9480	0.0	0.0	1.5E7	0.0	0.0	0.0	0.0	0.0	0.0	0.0	0.0	0.0	1.5E7	0.0	0.0	0.0	0.0	0.0	9540.0	0.0	0.0	0.0	0.0	0.0	0.0	0.0	47700	9540.0	9540	9540	0.0	0	0.0	0	0	0.0
9540	0.0	0.0	1.5E7	0.0	0.0	0.0	0.0	0.0	0.0	0.0	0.0	0.0	1.5E7	0.0	0.0	0.0	0.0	0.0	9600.0	0.0	0.0	0.0	0.0	0.0	0.0	0.0	48000	9600.0	9600	9600	0.0	0	0.0	0	0	0.0
9600	0.0	0.0	1.5E7	0.0	0.0	0.0	0.0	0.0	0.0	0.0	0.0	0.0	1.5E7	0.0	0.0	0.0	0.0	0.0	9660.0	0.0	0.0	0.0	0.0	0.0	0.0	0.0	48300	9660.0	9660	9660	0.0	0	0.0	0	0	0.0
9660	0.0	0.0	1.5E7	0.0	0.0	0.0	0.0	0.0	0.0	0.0	0.0	0.0	1.5E7	0.0	0.0	0.0	0.0	0.0	9720.0	0.0	0.0	0.0	0.0	0.0	0.0	0.0	48600	9720.0	9720	9720	0.0	0	0.0	0	0	0.0
9720	0.0	0.0	1.5E7	0.0	0.0	0.0	0.0	0.0	0.0	0.0	0.0	0.0	1.5E7	0.0	0.0	0.0	0.0	0.0	9780.0	0.0	0.0	0.0	0.0	0.0	0.0	0.0	48900	9780.0	9780	9780	0.0	0	0.0	0	0	0.0
9780	0.0	0.0	1.5E7	0.0	0.0	0.0	0.0	0.0	0.0	0.0	0.0	0.0	1.5E7	0.0	0.0	0.0	0.0	0.0	9840.0	0.0	0.0	0.0	0.0	0.0	0.0	0.0	49200	9840.0	9840	9840	0.0	0	0.0	0	0	0.0
9840	0.0	0.0	1.5E7	0.0	0.0	0.0	0.0	0.0	0.0	0.0	0.0	0.0	1.5E7	0.0	0.0	0.0	0.0	0.0	9900.0	0.0	0.0	0.0	0.0	0.0	0.0	0.0	49500	9900.0	9900	9900	0.0	0	0.0	0	0	0.0
9900	0.0	0.0	1.5E7	0.0	0.0	0.0	0.0	0.0	0.0	0.0	0.0	0.0	1.5E7	0.0	0.0	0.0	0.0	0.0	9960.0	0.0	0.0	0.0	0.0	0.0	0.0	0.0	49800	9960.0	9960	9960	0.0	0	0.0	0	0	0.0
9960	0.0	0.0	1.5E7	0.0	0.0	0.0	0.0	0.0	0.0	0.0	0.0	0.0	1.5E7	0.0	0.0	0.0	0.0	0.0	10020.0	0.0	0.0	0.0	0.0	0.0	0.0	0.0	50100	10020.0	10020	10020	0.0	0	0.0	0	0	0.0
10020	0.0	0.0	1.5E7	0.0	0.0	0.0	0.0	0.0	0.0	0.0	0.0	0.0	1.5E7	0.0	0.0	0.0	0.0	0.0	10080.0	0.0	0.0	0.0	0.0	0.0	0.0	0.0	50400	10080.0	10080	10080	0.0	0	0.0	0	0	0.0
10080	0.0	0.0	1.5E7	0.0	0.0	0.0	0.0	0.0	0.0	0.0	0.0	0.0	1.5E7	0.0	0.0	0.0	0.0	0.0	10140.0	0.0	0.0	0.0	0.0	0.0	0.0	0.0	50700	10140.0	10140	10140	0.0	0	0.0	0	0	0.0
10140	0.0	0.0	1.5E7	0.0	0.0	0.0	0.0	0.0	0.0	0.0	0.0	0.0	1.5E7	0.0	0.0	0.0	0.0	0.0	10200.0	0.0	0.0	0.0	0.0	0.0	0.0	0.0	51000	10200.0	10200	10200	0.0	0	0.0	0	0	0.0
10200	0.0	0.0	1.5E7	0.0	0.0	0.0	0.0	0.0	0.0	0.0	0.0	0.0	1.5E7	0.0	0.0	0.0	0.0	0.0	10260.0	0.0	0.0	0.0	0.0	0.0	0.0	0.0	51300	10260.0	10260	10260	0.0	0	0.0	0	0	0.0
10260	0.0	0.0	1.5E7	0.0	0.0	0.0	0.0	0.0	0.0	0.0	0.0	0.0	1.5E7	0.0	0.0	0.0	0.0	0.0	10320.0	0.0	0.0	0.0	0.0	0.0	0.0	0.0	51600	10320.0	10320	10320	0.0	0	0.0	0	0	0.0
10320	0.0	0.0	1.5E7	0.0	0.0	0.0	0.0	0.0	0.0	0.0	0.0	0.0	1.5E7	0.0	0.0	0.0	0.0	0.0	10380.0	0.0	0.0	0.0	0.0	0.0	0.0	0.0	51900	10380.0	10380	10380	0.0	0	0.0	0	0	0.0
10380	0.0	0.0	1.5E7	0.0	0.0	0.0	0.0	0.0	0.0	0.0	0.0	0.0	1.5E7	0.0	0.0	0.0	0.0	0.0	10440.0	0.0	0.0	0.0	0.0	0.0	0.0	0.0	52200	10440.0	10440	10440	0.0	0	0.0	0	0	0.0
10440	0.0	0.0	1.5E7	0.0	0.0	0.0	0.0	0.0	0.0	0.0	0.0	0.0	1.5E7	0.0	0.0	0.0	0.0	0.0	10500.0	0.0	0.0	0.0	0.0	0.0	0.0	0.0	52500	10500.0	10500	10500	0.0	0	0.0	0	0	0.0
10500	0.0	0.0	1.5E7	0.0	0.0	0.0	0.0	0.0	0.0	0.0	0.0	0.0	1.5E7	0.0	0.0	0.0	0.0	0.0	10560.0	0.0	0.0	0.0	0.0	0.0	0.0	0.0	52800	10560.0	10560	10560	0.0	0	0.0	0	0	0.0
10560	0.0	0.0	1.5E7	0.0	0.0	0.0	0.0	0.0	0.0	0.0	0.0	0.0	1.5E7	0.0	0.0	0.0	0.0	0.0	10620.0	0.0	0.0	0.0	0.0	0.0	0.0	0.0	53100	10620.0	10620	10620	0.0	0	0.0	0	0	0.0
10620	0.0	0.0	1.5E7	0.0	0.0	0.0	0.0	0.0	0.0	0.0	0.0	0.0	1.5E7	0.0	0.0	0.0	0.0	0.0	10680.0	0.0	0.0	0.0	0.0	0.0	0.0	0.0	53400	10680.0	10680	10680	0.0	0	0.0	0	0	0.0
10680	0.0	0.0	1.5E7	0.0	0.0	0.0	0.0	0.0	0.0	0.0	0.0	0.0	1.5E7	0.0	0.0	0.0	0.0	0.0	10740.0	0.0	0.0	0.0	0.0	0.0	0.0	0.0	53700	10740.0	10740	10740	0.0	0	0.0	0	0	0.0
10740	0.0	0.0	1.5E7	0.0	0.0	0.0	0.0	0.0	0.0	0.0	0.0	0.0	1.5E7	0.0	0.0	0.0	0.0	0.0	10800.0	0.0	0.0	0.0	0.0	0.0	0.0	0.0	54000	10800.0	10800	10800	0.0	0	0.0	0	0	0.0
10800	0.0	0.0	1.5E7	0.0	0.0	0.0	0.0	0.0	0.0	0.0	0.0	0.0	1.5E7	0.0	0.0	0.0	0.0	0.0	10860.0	0.0	0.0	0.0	0.0	0.0	0.0	0.0	54300	10860.0	10860	10860	0.0	0	0.0	0	0	0.0
10860	0.0	0.0	1.5E7	0.0	0.0	0.0	0.0	0.0	0.0	0.0	0.0	0.0	1.5E7	0.0	0.0	0.0	0.0	0.0	10920.0	0.0	0.0	0.0	0.0	0.0	0.0	0.0	54600	10920.0	10920	10920	0.0	0	0.0	0	0	0.0
10920	0.0	0.0	1.5E7	0.0	0.0	0.0	0.0	0.0	0.0	0.0	0.0	0.0	1.5E7	0.0	0.0	0.0	0.0	0.0	10980.0	0.0	0.0	0.0	0.0	0.0	0.0	0.0	54900	10980.0	10980	10980	0.0	0	0.0	0	0	0.0
10980	0.0	0.0	1.5E7	0.0	0.0	0.0	0.0	0.0	0.0	0.0	0.0	0.0	1.5E7	0.0	0.0	0.0	0.0	0.0	11040.0	0.0	0.0	0.0	0.0	0.0	0.0	0.0	55200	11040.0	11040	11040	0.0	0	0.0	0	0	0.0
11040	0.0	0.0	1.5E7	0.0	0.0	0.0	0.0	0.0	0.0	0.0	0.0	0.0	1.5E7	0.0	0.0	0.0	0.0	0.0	11100.0	0.0	0.0	0.0	0.0	0.0	0.0	0.0	55500	11100.0	11100	11100	0.0	0	0.0	0	0	0.0
11100	0.0	0.0	1.5E7	0.0	0.0	0.0	0.0	0.0	0.0	0.0	0.0	0.0	1.5E7	0.0	0.0	0.0	0.0	0.0	11160.0	0.0	0.0	0.0	0.0	0.0	0.0	0.0	55800	11160.0	11160	11160	0.0	0	0.0	0	0	0.0
11160	0.0	0.0	1.5E7	0.0	0.0	0.0	0.0	0.0	0.0	0.0	0.0	0.0	1.5E7	0.0	0.0	0.0	0.0	0.0	11220.0	0.0	0.0	0.0	0.0	0.0	0.0	0.0	56100	11220.0	11220	11220	0.0	0	0.0	0	0	0.0
11220	0.0	0.0	1.5E7	0.0	0.0	0.0	0.0	0.0	0.0	0.0	0.0	0.0	1.5E7	0.0	0.0	0.0	0.0	0.0	11280.0	0.0	0.0	0.0	0.0	0.0	0.0	0.0	56400	11280.0	11280	11280	0.0	0	0.0	0	0	0.0
11280	0.0	0.0	1.5E7	0.0	0.0	0.0	0.0	0.0	0.0	0.0	0.0	0.0	1.5E7	0.0	0.0	0.0	0.0	0.0	11340.0	0.0	0.0	0.0	0.0	0.0	0.0	0.0	56700	11340.0	11340	11340	0.0	0	0.0	0	0	0.0
11340	0.0	0.0	1.5E7	0.0	0.0	0.0	0.0	0.0	0.0	0.0	0.0	0.0	1.5E7	0.0	0.0	0.0	0.0	0.0	11400.0	0.0	0.0	0.0	0.0	0.0	0.0	0.0	57000	11400.0	11400	11400	0.0	0	0.0	0	0	0.0
11400	0.0	0.0	1.5E7	0.0	0.0	0.0	0.0	0.0	0.0	0.0	0.0	0.0	1.5E7	0.0	0.0	0.0	0.0	0.0	11460.0	0.0	0.0	0.0	0.0	0.0	0.0	0.0	57300	11460.0	11460	11460	0.0	0	0.0	0	0	0.0
11460	0.0	0.0	1.5E7	0.0	0.0	0.0	0.0	0.0	0.0	0.0	0.0	0.0	1.5E7	0.0	0.0	0.0	0.0	0.0	11520.0	0.0	0.0	0.0	0.0	0.0	0.0	0.0	57600	11520.0	11520	11520	0.0	0	0.0	0	0	0.0
11520	0.0	0.0	1.5E7	0.0	0.0	0.0	0.0	0.0	0.0	0.0	0.0	0.0	1.5E7	0.0	0.0	0.0	0.0	0.0	11580.0	0.0	0.0	0.0	0.0	0.0	0.0	0.0	57900	11580.0	11580	11580	0.0	0	0.0	0	0	0.0
11580	0.0	0.0	1.5E7	0.0	0.0	0.0	0.0	0.0	0.0	0.0	0.0	0.0	1.5E7	0.0	0.0	0.0	0.0	0.0	11640.0	0.0	0.0	0.0	0.0	0.0	0.0	0.0	58200	11640.0	11640	11640	0.0	0	0.0	0	0	0.0
11640	0.0	0.0	1.5E7	0.0	0.0	0.0	0.0	0.0	0.0	0.0	0.0	0.0	1.5E7	0.0	0.0	0.0	0.0	0.0	11700.0	0.0	0.0	0.0	0.0	0.0	0.0	0.0	58500	11700.0	11700	11700	0.0	0	0.0	0	0	0.0
11700	0.0	0.0	1.5E7	0.0	0.0	0.0	0.0	0.0	0.0	0.0	0.0	0.0	1.5E7	0.0	0.0	0.0	0.0	0.0	11760.0	0.0	0.0	0.0	0.0	0.0	0.0	0.0	58800	11760.0	11760	11760	0.0	0	0.0	0	0	0.0
11760	0.0	0.0	1.5E7	0.0	0.0	0.0	0.0	0.0	0.0	0.0	0.0	0.0	1.5E7	0.0	0.0	0.0	0.0	0.0	11820.0	0.0	0.0	0.0	0.0	0.0	0.0	0.0	59100	11820.0	11820	11820	0.0	0	0.0	0	0	0.0
11820	0.0	0.0	1.5E7	0.0	0.0	0.0	0.0	0.0	0.0	0.0	0.0	0.0	1.5E7	0.0	0.0	0.0	0.0	0.0	11880.0	0.0	0.0	0.0	0.0	0.0	0.0	0.0	59400	11880.0	11880	11880	0.0	0	0.0	0	0	0.0
11880	0.0	0.0	1.5E7	0.0	0.0	0.0	0.0	0.0	0.0	0.0	0.0	0.0	1.5E7	0.0	0.0	0.0	0.0	0.0	11940.0	0.0	0.0	0.0	0.0	0.0	0.0	0.0	59700	11940.0	11940	11940	0.0	0	0.0	0	0	0.0
11940	0.0	0.0	1.5E7	0.0	0.0	0.0	0.0	0.0	0.0	0.0	0.0	0.0	1.5E7	0.0	0.0	0.0	0.0	0.0	12000.0	0.0	0.0	0.0	0.0	0.0	0.0	0.0	60000	12000.0	12000	12000	0.0	0	0.0	0	0	0.0
12000	0.0	0.0	1.5E7	0.0	0.0	0.0	0.0	0.0	0.0	0.0	0.0	0.0	1.5E7	0.0	0.0	0.0	0.0	0.0	12060.0	0.0	0.0	0.0	0.0	0.0	0.0	0.0	60300	12060.0	12060	12060	0.0	0	0.0	0	0	0.0
12060	0.0	0.0	1.5E7	0.0	0.0	0.0	0.0	0.0	0.0	0.0	0.0	0.0	1.5E7	0.0	0.0	0.0	0.0	0.0	12120.0	0.0	0.0	0.0	0.0	0.0	0.0	0.0	60600	12120.0	12120	12120	0.0	0	0.0	0	0	0.0
12120	0.0	0.0	1.5E7	0.0	0.0	0.0	0.0	0.0	0.0	0.0	0.0	0.0	1.5E7	0.0	0.0	0.0	0.0	0.0	12180.0	0.0	0.0	0.0	0.0	0.0	0.0	0.0	60900	12180.0	12180	12180	0.0	0	0.0	0	0	0.0
12180	0.0	0.0	1.5E7	0.0	0.0	0.0	0.0	0.0	0.0	0.0	0.0	0.0	1.5E7	0.0	0.0	0.0	0.0	0.0	12240.0	0.0	0.0	0.0	0.0	0.0	0.0	0.0	61200	12240.0	12240	12240	0.0	0	0.0	0	0	0.0
12240	0.0	0.0	1.5E7	0.0	0.0	0.0	0.0	0.0	0.0	0.0	0.0	0.0	1.5E7	0.0	0.0	0.0	0.0	0.0	12300.0	0.0	0.0	0.0	0.0	0.0	0.0	0.0	61500	12300.0	12300	12300	0.0	0	0.0	0	0	0.0
12300	0.0	0.0	1.5E7	0.0	0.0	0.0	0.0	0.0	0.0	0.0	0.0	0.0	1.5E7	0.0	0.0	0.0	0.0	0.0	12360.0	0.0	0.0	0.0	0.0	0.0	0.0	0.0	61800	12360.0	12360	12360	0.0	0	0.0	0	0	0.0
12360	0.0	0.0	1.5E7	0.0	0.0	0.0	0.0	0.0	0.0	0.0	0.0	0.0	1.5E7	0.0	0.0	0.0	0.0	0.0	12420.0	0.0	0.0	0.0	0.0	0.0	0.0	0.0	62100	12420.0	12420	12420	0.0	0	0.0	0	0	0.0
12420	0.0	0.0	1.5E7	0.0	0.0	0.0	0.0	0.0	0.0	0.0	0.0	0.0	1.5E7	0.0	0.0	0.0	0.0	0.0	12480.0	0.0	0.0	0.0	0.0	0.0	0.0	0.0	62400	12480.0	12480	12480	0.0	0	0.0	0	0	0.0
12480	0.0	0.0	1.5E7	0.0	0.0	0.0	0.0	0.0	0.0	0.0	0.0	0.0	1.5E7	0.0	0.0	0.0	0.0	0.0	12540.0	0.0	0.0	0.0	0.0	0.0	0.0	0.0	62700	12540.0	12540	12540	0.0	0	0.0	0	0	0.0
12540	0.0	0.0	1.5E7	0.0	0.0	0.0	0.0	0.0	0.0	0.0	0.0	0.0	1.5E7	0.0	0.0	0.0	0.0	0.0	12600.0	0.0	0.0	0.0	0.0	0.0	0.0	0.0	63000	12600.0	12600	12600	0.0	0	0.0	0	0	0.0
12600	0.0	0.0	1.5E7	0.0	0.0	0.0	0.0	0.0	0.0	0.0	0.0	0.0	1.5E7	0.0	0.0	0.0	0.0	0.0	12660.0	0.0	0.0	0.0	0.0	0.0	0.0	0.0	63300	12660.0	12660	12660	0.0	0	0.0	0	0	0.0
12660	0.0	0.0	1.5E7	0.0	0.0	0.0	0.0	0.0	0.0	0.0	0.0	0.0	1.5E7	0.0	0.0	0.0	0.0	0.0	12720.0	0.0	0.0	0.0	0.0	0.0	0.0	0.0	63600	12720.0	12720	12720	0.0	0	0.0	0	0	0.0
12720	0.0	0.0	1.5E7	0.0	0.0	0.0	0.0	0.0	0.0	0.0	0.0	0.0	1.5E7	0.0	0.0	0.0	0.0	0.0	12780.0	0.0	0.0	0.0	0.0	0.0	0.0	0.0	63900	12780.0	12780	12780	0.0	0	0.0	0	0	0.0
12780	0.0	0.0	1.5E7	0.0	0.0	0.0	0.0	0.0	0.0	0.0	0.0	0.0	1.5E7	0.0	0.0	0.0	0.0	0.0	12840.0	0.0	0.0	0.0	0.0	0.0	0.0	0.0	64200	12840.0	12840	12840	0.0	0	0.0	0	0	0.0
12840	0.0	0.0	1.5E7	0.0	0.0	0.0	0.0	0.0	0.0	0.0	0.0	0.0	1.5E7	0.0	0.0	0.0	0.0	0.0	12900.0	0.0	0.0	0.0	0.0	0.0	0.0	0.0	64500	12900.0	12900	12900	0.0	0	0.0	0	0	0.0
12900	0.0	0.0	1.5E7	0.0	0.0	0.0	0.0	0.0	0.0	0.0	0.0	0.0	1.5E7	0.0	0.0	0.0	0.0	0.0	12960.0	0.0	0.0	0.0	0.0	0.0	0.0	0.0	64800	12960.0	12960	12960	0.0	0	0.0	0	0	0.0
12960	0.0	0.0	1.5E7	0.0	0.0	0.0	0.0	0.0	0.0	0.0	0.0	0.0	1.5E7	0.0	0.0	0.0	0.0	0.0	13020.0	0.0	0.0	0.0	0.0	0.0	0.0	0.0	65100	13020.0	13020	13020	0.0	0	0.0	0	0	0.0
13020	0.0	0.0	1.5E7	0.0	0.0	0.0	0.0	0.0	0.0	0.0	0.0	0.0	1.5E7	0.0	0.0	0.0	0.0	0.0	13080.0	0.0	0.0	0.0	0.0	0.0	0.0	0.0	65400	13080.0	13080	13080	0.0	0	0.0	0	0	0.0
13080	0.0	0.0	1.5E7	0.0	0.0	0.0	0.0	0.0	0.0	0.0	0.0	0.0	1.5E7	0.0	0.0	0.0	0.0	0.0	13140.0	0.0	0.0	0.0	0.0	0.0	0.0	0.0	65700	13140.0	13140	13140	0.0	0	0.0	0	0	0.0
13140	0.0	0.0	1.5E7	0.0	0.0	0.0	0.0	0.0	0.0	0.0	0.0	0.0	1.5E7	0.0	0.0	0.0	0.0	0.0	13200.0	0.0	0.0	0.0	0.0	0.0	0.0	0.0	66000	13200.0	13200	13200	0.0	0	0.0	0	0	0.0
13200	0.0	0.0	1.5E7	0.0	0.0	0.0	0.0	0.0	0.0	0.0	0.0	0.0	1.5E7	0.0	0.0	0.0	0.0	0.0	13260.0	0.0	0.0	0.0	0.0	0.0	0.0	0.0	66300	13260.0	13260	13260	0.0	0	0.0	0	0	0.0
13260	0.0	0.0	1.5E7	0.0	0.0	0.0	0.0	0.0	0.0	0.0	0.0	0.0	1.5E7	0.0	0.0	0.0	0.0	0.0	13320.0	0.0	0.0	0.0	0.0	0.0	0.0	0.0	66600	13320.0	13320	13320	0.0	0	0.0	0	0	0.0
13320	0.0	0.0	1.5E7	0.0	0.0	0.0	0.0	0.0	0.0	0.0	0.0	0.0	1.5E7	0.0	0.0	0.0	0.0	0.0	13380.0	0.0	0.0	0.0	0.0	0.0	0.0	0.0	66900	13380.0	13380	13380	0.0	0	0.0	0	0	0.0
13380	0.0	0.0	1.5E7	0.0	0.0	0.0	0.0	0.0	0.0	0.0	0.0	0.0	1.5E7	0.0	0.0	0.0	0.0	0.0	13440.0	0.0	0.0	0.0	0.0	0.0	0.0	0.0	67200	13440.0	13440	13440	0.0	0	0.0	0	0	0.0
13440	0.0	0.0	1.5E7	0.0	0.0	0.0	0.0	0.0	0.0	0.0	0.0	0.0	1.5E7	0.0	0.0	0.0	0.0	0.0	13500.0	0.0	0.0	0.0	0.0	0.0	0.0	0.0	67500	13500.0	13500	13500	0.0	0	0.0	0	0	0.0
13500	0.0	0.0	1.5E7	0.0	0.0	0.0	0.0	0.0	0.0	0.0	0.0	0.0	1.5E7	0.0	0.0	0.0	0.0	0.0	13560.0	0.0	0.0	0.0	0.0	0.0	0.0	0.0	67800	13560.0	13560	13560	0.0	0	0.0	0	0	0.0
13560	0.0	0.0	1.5E7	0.0	0.0	0.0	0.0	0.0	0.0	0.0	0.0	0.0	1.5E7	0.0	0.0	0.0	0.0	0.0	13620.0	0.0	0.0	0.0	0.0	0.0	0.0	0.0	68100	13620.0	13620	13620	0.0	0	0.0	0	0	0.0
13620	0.0	0.0	1.5E7	0.0	0.0	0.0	0.0	0.0	0.0	0.0	0.0	0.0	1.5E7	0.0	0.0	0.0	0.0	0.0	13680.0	0.0	0.0	0.0	0.0	0.0	0.0	0.0	68400	13680.0	13680	13680	0.0	0	0.0	0	0	0.0
13680	0.0	0.0	1.5E7	0.0	0.0	0.0	0.0	0.0	0.0	0.0	0.0	0.0	1.5E7	0.0	0.0	0.0	0.0	0.0	13740.0	0.0	0.0	0.0	0.0	0.0	0.0	0.0	68700	13740.0	13740	13740	0.0	0	0.0	0	0	0.0
13740	0.0	0.0	1.5E7	0.0	0.0	0.0	0.0	0.0	0.0	0.0	0.0	0.0	1.5E7	0.0	0.0	0.0	0.0	0.0	13800.0	0.0	0.0	0.0	0.0	0.0	0.0	0.0	69000	13800.0	13800	13800	0.0	0	0.0	0	0	0.0
13800	0.0	0.0	1.5E7	0.0	0.0	0.0	0.0	0.0	0.0	0.0	0.0	0.0	1.5E7	0.0	0.0	0.0	0.0	0.0	13860.0	0.0	0.0	0.0	0.0	0.0	0.0	0.0	69300	13860.0	13860	13860	0.0	0	0.0	0	0	0.0
13860	0.0	0.0	1.5E7	0.0	0.0	0.0	0.0	0.0	0.0	0.0	0.0	0.0	1.5E7	0.0	0.0	0.0	0.0	0.0	13920.0	0.0	0.0	0.0	0.0	0.0	0.0	0.0	69600	13920.0	13920	13920	0.0	0	0.0	0	0	0.0
13920	0.0	0.0	1.5E7	0.0	0.0	0.0	0.0	0.0	0.0	0.0	0.0	0.0	1.5E7	0.0	0.0	0.0	0.0	0.0	13980.0	0.0	0.0	0.0	0.0	0.0	0.0	0.0	69900	13980.0	13980	13980	0.0	0	0.0	0	0	0.0
13980	0.0	0.0	1.5E7	0.0	0.0	0.0	0.0	0.0	0.0	0.0	0.0	0.0	1.5E7	0.0	0.0	0.0	0.0	0.0	14040.0	0.0	0.0	0.0	0.0	0.0	0.0	0.0	70200	14040.0	14040	14040	0.0	0	0.0	0	0	0.0
14040	0.0	0.0	1.5E7	0.0	0.0	0.0	0.0	0.0	0.0	0.0	0.0	0.0	1.5E7	0.0	0.0	0.0	0.0	0.0	14100.0	0.0	0.0	0.0	0.0	0.0	0.0	0.0	70500	14100.0	14100	14100	0.0	0	0.0	0	0	0.0
14100	0.0	0.0	1.5E7	0.0	0.0	0.0	0.0	0.0	0.0	0.0	0.0	0.0	1.5E7	0.0	0.0	0.0	0.0	0.0	14160.0	0.0	0.0	0.0	0.0	0.0	0.0	0.0	70800	14160.0	14160	14160	0.0	0	0.0	0	0	0.0
14160	0.0	0.0	1.5E7	0.0	0.0	0.0	0.0	0.0	0.0	0.0	0.0	0.0	1.5E7	0.0	0.0	0.0	0.0	0.0	14220.0	0.0	0.0	0.0	0.0	0.0	0.0	0.0	71100	14220.0	14220	14220	0.0	0	0.0	0	0	0.0
14220	0.0	0.0	1.5E7	0.0	0.0	0.0	0.0	0.0	0.0	0.0	0.0	0.0	1.5E7	0.0	0.0	0.0	0.0	0.0	14280.0	0.0	0.0	0.0	0.0	0.0	0.0	0.0	71400	14280.0	14280	14280	0.0	0	0.0	0	0	0.0
14280	0.0	0.0	1.5E7	0.0	0.0	0.0	0.0	0.0	0.0	0.0	0.0	0.0	1.5E7	0.0	0.0	0.0	0.0	0.0	14340.0	0.0	0.0	0.0	0.0	0.0	0.0	0.0	71700	14340.0	14340	14340	0.0	0	0.0	0	0	0.0
14340	0.0	0.0	1.5E7	0.0	0.0	0.0	0.0	0.0	0.0	0.0	0.0	0.0	1.5E7	0.0	0.0	0.0	0.0	0.0	14400.0	0.0	0.0	0.0	0.0	0.0	0.0	0.0	72000	14400.0	14400	14400	0.0	0	0.0	0	0	0.0
14400	0.0	0.0	1.5E7	0.0	0.0	0.0	0.0	0.0	0.0	0.0	0.0	0.0	1.5E7	0.0	0.0	0.0	0.0	0.0	14460.0	0.0	0.0	0.0	0.0	0.0	0.0	0.0	72300	14460.0	14460	14460	0.0	0	0.0	0	0	0.0
14460	0.0	0.0	1.5E7	0.0	0.0	0.0	0.0	0.0	0.0	0.0	0.0	0.0	1.5E7	0.0	0.0	0.0	0.0	0.0	14520.0	0.0	0.0	0.0	0.0	0.0	0.0	0.0	72600	14520.0	14520	14520	0.0	0	0.0	0	0	0.0
14520	0.0	0.0	1.5E7	0.0	0.0	0.0	0.0	0.0	0.0	0.0	0.0	0.0	1.5E7	0.0	0.0	0.0	0.0	0.0	14580.0	0.0	0.0	0.0	0.0	0.0	0.0	0.0	72900	14580.0	14580	14580	0.0	0	0.0	0	0	0.0
14580	0.0	0.0	1.5E7	0.0	0.0	0.0	0.0	0.0	0.0	0.0	0.0	0.0	1.5E7	0.0	0.0	0.0	0.0	0.0	14640.0	0.0	0.0	0.0	0.0	0.0	0.0	0.0	73200	14640.0	14640	14640	0.0	0	0.0	0	0	0.0
14640	0.0	0.0	1.5E7	0.0	0.0	0.0	0.0	0.0	0.0	0.0	0.0	0.0	1.5E7	0.0	0.0	0.0	0.0	0.0	14700.0	0.0	0.0	0.0	0.0	0.0	0.0	0.0	73500	14700.0	14700	14700	0.0	0	0.0	0	0	0.0
14700	0.0	0.0	1.5E7	0.0	0.0	0.0	0.0	0.0	0.0	0.0	0.0	0.0	1.5E7	0.0	0.0	0.0	0.0	0.0	14760.0	0.0	0.0	0.0	0.0	0.0	0.0	0.0	73800	14760.0	14760	14760	0.0	0	0.0	0	0	0.0
14760	0.0	0.0	1.5E7	0.0	0.0	0.0	0.0	0.0	0.0	0.0	0.0	0.0	1.5E7	0.0	0.0	0.0	0.0	0.0	14820.0	0.0	0.0	0.0	0.0	0.0	0.0	0.0	74100	14820.0	14820	14820	0.0	0	0.0	0	0	0.0
14820	0.0	0.0	1.5E7	0.0	0.0	0.0	0.0	0.0	0.0	0.0	0.0	0.0	1.5E7	0.0	0.0	0.0	0.0	0.0	14880.0	0.0	0.0	0.0	0.0	0.0	0.0	0.0	74400	14880.0	14880	14880	0.0	0	0.0	0	0	0.0
14880	0.0	0.0	1.5E7	0.0	0.0	0.0	0.0	0.0	0.0	0.0	0.0	0.0	1.5E7	0.0	0.0	0.0	0.0	0.0	14940.0	0.0	0.0	0.0	0.0	0.0	0.0	0.0	74700	14940.0	14940	14940	0.0	0	0.0	0	0	0.0
14940	0.0	0.0	1.5E7	0.0	0.0	0.0	0.0	0.0	0.0	0.0	0.0	0.0	1.5E7	0.0	0.0	0.0	0.0	0.0	15000.0	0.0	0.0	0.0	0.0	0.0	0.0	0.0	75000	15000.0	15000	15000	0.0	0	0.0	0	0	0.0
15000	0.0	0.0	1.5E7	0.0	0.0	0.0	0.0	0.0	0.0	0.0	0.0	0.0	1.5E7	0.0	0.0	0.0	0.0	0.0	15060.0	0.0	0.0	0.0	0.0	0.0	0.0	0.0	75300	15060.0	15060	15060	0.0	0	0.0	0	0	0.0
15060	0.0	0.0	1.5E7	0.0	0.0	0.0	0.0	0.0	0.0	0.0	0.0	0.0	1.5E7	0.0	0.0	0.0	0.0	0.0	15120.0	0.0	0.0	0.0	0.0	0.0	0.0	0.0	75600	15120.0	15120	15120	0.0	0	0.0	0	0	0.0
15120	0.0	0.0	1.5E7	0.0	0.0	0.0	0.0	0.0	0.0	0.0	0.0	0.0	1.5E7	0.0	0.0	0.0	0.0	0.0	15180.0	0.0	0.0	0.0	0.0	0.0	0.0	0.0	75900	15180.0	15180	15180	0.0	0	0.0	0	0	0.0
15180	0.0	0.0	1.5E7	0.0	0.0	0.0	0.0	0.0	0.0	0.0	0.0	0.0	1.5E7	0.0	0.0	0.0	0.0	0.0	15240.0	0.0	0.0	0.0	0.0	0.0	0.0	0.0	76200	15240.0	15240	15240	0.0	0	0.0	0	0	0.0
15240	0.0	0.0	1.5E7	0.0	0.0	0.0	0.0	0.0	0.0	0.0	0.0	0.0	1.5E7	0.0	0.0	0.0	0.0	0.0	15300.0	0.0	0.0	0.0	0.0	0.0	0.0	0.0	76500	15300.0	15300	15300	0.0	0	0.0	0	0	0.0
15300	0.0	0.0	1.5E7	0.0	0.0	0.0	0.