time	gasCreateUserMean(2)	gasCreateUserStd(3)	gasCreateProposalMean(4)	gasCreateProposalStd(5)	gasTotalMean(6)	gasTotalStd(7)	createProposalMean(8)	createProposalStd(9)	createUserMean(10)	createUserStd(11)	totProposal(12)	avgProposal(13)	minProposal(14)	maxProposal(15)	stdProposal(16)	totVote(17)	avgVote(18)	minVote(19)	maxVote(20)	stdVote(21)	totUser(22)	avgUser(23)	minUser(24)	maxUser(25)	stdUser(26)	totAggrProposal(27)	totAggrVote(28)	totAggrUser(29)
0	0.0	0.0	0.0	0.0	0.0	0.0	0.0	0.0	0.0	0.0	0	0.0	0	0	0.0	0	0.0	0	0	0.0	0	0.0	0	0	0.0	0	0	0
3600	0.0	0.0	0.0	0.0	0.0	0.0	0.0	0.0	0.0	0.0	0	0.0	0	0	0.0	0	0.0	0	0	0.0	0	0.0	0	0	0.0	0	0	0
7200	0.0	0.0	0.0	0.0	0.0	0.0	0.0	0.0	0.0	0.0	0	0.0	0	0	0.0	0	0.0	0	0	0.0	0	0.0	0	0	0.0	0	0	0
10800	0.0	0.0	0.0	0.0	0.0	0.0	0.0	0.0	0.0	0.0	0	0.0	0	0	0.0	0	0.0	0	0	0.0	0	0.0	0	0	0.0	0	0	0
14400	0.0	0.0	0.0	0.0	0.0	0.0	0.0	0.0	0.0	0.0	0	0.0	0	0	0.0	0	0.0	0	0	0.0	0	0.0	0	0	0.0	0	0	0
18000	0.0	0.0	0.0	0.0	0.0	0.0	0.0	0.0	0.0	0.0	0	0.0	0	0	0.0	0	0.0	0	0	0.0	0	0.0	0	0	0.0	0	0	0
21600	0.0	0.0	0.0	0.0	0.0	0.0	0.0	0.0	0.0	0.0	0	0.0	0	0	0.0	0	0.0	0	0	0.0	0	0.0	0	0	0.0	0	0	0
25200	0.0	0.0	0.0	0.0	0.0	0.0	0.0	0.0	0.0	0.0	0	0.0	0	0	0.0	0	0.0	0	0	0.0	0	0.0	0	0	0.0	0	0	0
28800	0.0	0.0	0.0	0.0	0.0	0.0	0.0	0.0	0.0	0.0	0	0.0	0	0	0.0	0	0.0	0	0	0.0	0	0.0	0	0	0.0	0	0	0
32400	0.0	0.0	0.0	0.0	0.0	0.0	0.0	0.0	0.0	0.0	0	0.0	0	0	0.0	0	0.0	0	0	0.0	0	0.0	0	0	0.0	0	0	0
36000	0.0	0.0	0.0	0.0	0.0	0.0	0.0	0.0	0.0	0.0	0	0.0	0	0	0.0	0	0.0	0	0	0.0	0	0.0	0	0	0.0	0	0	0
39600	0.0	0.0	0.0	0.0	0.0	0.0	0.0	0.0	0.0	0.0	0	0.0	0	0	0.0	0	0.0	0	0	0.0	0	0.0	0	0	0.0	0	0	0
43200	0.0	0.0	0.0	0.0	0.0	0.0	0.0	0.0	0.0	0.0	0	0.0	0	0	0.0	0	0.0	0	0	0.0	0	0.0	0	0	0.0	0	0	0
46800	0.0	0.0	0.0	0.0	0.0	0.0	0.0	0.0	0.0	0.0	0	0.0	0	0	0.0	0	0.0	0	0	0.0	0	0.0	0	0	0.0	0	0	0
50400	0.0	0.0	0.0	0.0	0.0	0.0	0.0	0.0	0.0	0.0	0	0.0	0	0	0.0	0	0.0	0	0	0.0	0	0.0	0	0	0.0	0	0	0
54000	0.0	0.0	0.0	0.0	0.0	0.0	0.0	0.0	0.0	0.0	0	0.0	0	0	0.0	0	0.0	0	0	0.0	0	0.0	0	0	0.0	0	0	0
57600	0.0	0.0	0.0	0.0	0.0	0.0	0.0	0.0	0.0	0.0	0	0.0	0	0	0.0	0	0.0	0	0	0.0	0	0.0	0	0	0.0	0	0	0
61200	0.0	0.0	0.0	0.0	0.0	0.0	0.0	0.0	0.0	0.0	0	0.0	0	0	0.0	0	0.0	0	0	0.0	0	0.0	0	0	0.0	0	0	0
64800	0.0	0.0	0.0	0.0	0.0	0.0	0.0	0.0	0.0	0.0	0	0.0	0	0	0.0	0	0.0	0	0	0.0	0	0.0	0	0	0.0	0	0	0
68400	0.0	0.0	0.0	0.0	0.0	0.0	0.0	0.0	0.0	0.0	0	0.0	0	0	0.0	0	0.0	0	0	0.0	0	0.0	0	0	0.0	0	0	0
72000	0.0	0.0	0.0	0.0	0.0	0.0	0.0	0.0	0.0	0.0	0	0.0	0	0	0.0	0	0.0	0	0	0.0	0	0.0	0	0	0.0	0	0	0
75600	544000.0	137637.20427268202	0.0	0.0	544000.0	137637.20427268202	0.0	0.0	6.8	1.7204650534085253	0	0.0	0	0	0.0	0	0.0	0	0	0.0	34	6.8	4	9	1.7204650534085253	0	0	34
79200	2480000.0	378629.10611837544	0.0	0.0	2480000.0	378629.10611837544	0.0	0.0	37.8	4.707440918375928	0	0.0	0	0	0.0	0	0.0	0	0	0.0	189	37.8	32	45	4.707440918375928	0	0	155
82800	3664000.0	406034.48129438463	0.0	0.0	3664000.0	406034.48129438463	0.0	0.0	83.6	6.529931086925803	0	0.0	0	0	0.0	0	0.0	0	0	0.0	418	83.6	74	93	6.529931086925803	0	0	229
86400	6320000.0	745332.1407265355	0.0	0.0	6320000.0	745332.1407265355	0.0	0.0	162.6	12.784365451597509	0	0.0	0	0	0.0	0	0.0	0	0	0.0	813	162.6	149	183	12.784365451597509	0	0	395
90000	6912000.0	492113.80797535036	0.0	0.0	6912000.0	492113.80797535036	0.0	0.0	249.0	7.720103626247513	0	0.0	0	0	0.0	0	0.0	0	0	0.0	1245	249.0	238	261	7.720103626247513	0	0	432
93600	8176000.0	421502.0759142237	0.0	0.0	8176000.0	421502.0759142237	0.0	0.0	351.2	7.909487973314075	0	0.0	0	0	0.0	0	0.0	0	0	0.0	1756	351.2	344	365	7.909487973314075	0	0	511
97200	8176000.0	325551.8391900129	0.0	0.0	8176000.0	325551.8391900129	0.0	0.0	453.4	7.863841300534999	0	0.0	0	0	0.0	0	0.0	0	0	0.0	2267	453.4	445	463	7.863841300534999	0	0	511
100800	9552000.0	734258.809957361	0.0	0.0	9552000.0	734258.809957361	0.0	0.0	572.8	6.305553108173779	0	0.0	0	0	0.0	0	0.0	0	0	0.0	2864	572.8	562	580	6.305553108173779	0	0	597
104400	9680000.0	910735.9661284932	0.0	0.0	9680000.0	910735.9661284932	0.0	0.0	693.8	9.927738916792686	0	0.0	0	0	0.0	0	0.0	0	0	0.0	3469	693.8	682	710	9.927738916792686	0	0	605
108000	9840000.0	482659.3001279474	0.0	0.0	9840000.0	482659.3001279474	0.0	0.0	816.8	14.062716664997554	0	0.0	0	0	0.0	0	0.0	0	0	0.0	4084	816.8	799	841	14.062716664997554	0	0	615
111600	1.0784E7	1258214.6080856	0.0	0.0	1.0784E7	1258214.6080856	0.0	0.0	951.6	17.579533554676587	0	0.0	0	0	0.0	0	0.0	0	0	0.0	4758	951.6	918	969	17.579533554676587	0	0	674
115200	1.0032E7	835377.7588612232	0.0	0.0	1.0032E7	835377.7588612232	0.0	0.0	1077.0	19.544820285692065	0	0.0	0	0	0.0	0	0.0	0	0	0.0	5385	1077.0	1040	1097	19.544820285692065	0	0	627
118800	1.0704E7	776288.606125325	0.0	0.0	1.0704E7	776288.606125325	0.0	0.0	1210.8	18.54076589572286	0	0.0	0	0	0.0	0	0.0	0	0	0.0	6054	1210.8	1178	1232	18.54076589572286	0	0	669
122400	9472000.0	270584.5524046042	0.0	0.0	9472000.0	270584.5524046042	0.0	0.0	1329.2	17.679366504487653	0	0.0	0	0	0.0	0	0.0	0	0	0.0	6646	1329.2	1299	1348	17.679366504487653	0	0	592
126000	9744000.0	499343.56909847155	0.0	0.0	9744000.0	499343.56909847155	0.0	0.0	1451.0	16.284962388657824	0	0.0	0	0	0.0	0	0.0	0	0	0.0	7255	1451.0	1428	1473	16.284962388657824	0	0	609
129600	9152000.0	751489.1882123122	0.0	0.0	9152000.0	751489.1882123122	0.0	0.0	1565.4	18.227451824103117	0	0.0	0	0	0.0	0	0.0	0	0	0.0	7827	1565.4	1535	1583	18.227451824103117	0	0	572
133200	8528000.0	164730.08225579202	0.0	0.0	8528000.0	164730.08225579202	0.0	0.0	1672.0	18.13284313062902	0	0.0	0	0	0.0	0	0.0	0	0	0.0	8360	1672.0	1641	1692	18.13284313062902	0	0	533
136800	8784000.0	618436.738882806	0.0	0.0	8784000.0	618436.738882806	0.0	0.0	1781.8	16.14187101918486	0	0.0	0	0	0.0	0	0.0	0	0	0.0	8909	1781.8	1761	1807	16.14187101918486	0	0	549
140400	8688000.0	714825.8529180377	0.0	0.0	8688000.0	714825.8529180377	0.0	0.0	1890.4	18.30409790183608	0	0.0	0	0	0.0	0	0.0	0	0	0.0	9452	1890.4	1869	1917	18.30409790183608	0	0	543
144000	8080000.0	665492.2989787335	0.0	0.0	8080000.0	665492.2989787335	0.0	0.0	1991.4	14.554724318928201	0	0.0	0	0	0.0	0	0.0	0	0	0.0	9957	1991.4	1972	2016	14.554724318928201	0	0	505
147600	7200000.0	615532.2899734831	0.0	0.0	7200000.0	615532.2899734831	0.0	0.0	2081.4	12.658593918757328	0	0.0	0	0	0.0	0	0.0	0	0	0.0	10407	2081.4	2064	2103	12.658593918757328	0	0	450
151200	6096000.0	352000.0	0.0	0.0	6096000.0	352000.0	0.0	0.0	2157.6	13.484806264830059	0	0.0	0	0	0.0	0	0.0	0	0	0.0	10788	2157.6	2144	2181	13.484806264830059	0	0	381
154800	5504000.0	433478.94989261014	0.0	0.0	5504000.0	433478.94989261014	0.0	0.0	2226.4	11.001818031580054	0	0.0	0	0	0.0	0	0.0	0	0	0.0	11132	2226.4	2214	2245	11.001818031580054	0	0	344
158400	4400000.0	574665.119874175	0.0	0.0	4400000.0	574665.119874175	0.0	0.0	2281.4	15.818975946628152	0	0.0	0	0	0.0	0	0.0	0	0	0.0	11407	2281.4	2261	2300	15.818975946628152	0	0	275
162000	3680000.0	460955.52930841385	0.0	0.0	3680000.0	460955.52930841385	0.0	0.0	2327.4	18.006665432555803	0	0.0	0	0	0.0	0	0.0	0	0	0.0	11637	2327.4	2301	2354	18.006665432555803	0	0	230
165600	4176000.0	292410.67011995305	0.0	0.0	4176000.0	292410.67011995305	0.0	0.0	2379.6	19.99599959991998	0	0.0	0	0	0.0	0	0.0	0	0	0.0	11898	2379.6	2355	2411	19.99599959991998	0	0	261
169200	2832000.0	578217.9519869649	0.0	0.0	2832000.0	578217.9519869649	0.0	0.0	2415.0	20.861447696648476	0	0.0	0	0	0.0	0	0.0	0	0	0.0	12075	2415.0	2388	2441	20.861447696648476	0	0	177
172800	2032000.0	448571.06460403797	0.0	0.0	2032000.0	448571.06460403797	0.0	0.0	2440.4	16.156732342896568	0	0.0	0	0	0.0	0	0.0	0	0	0.0	12202	2440.4	2421	2461	16.156732342896568	0	0	127
176400	1040000.0	208614.47696648477	0.0	0.0	1040000.0	208614.47696648477	0.0	0.0	2453.4	18.358649187780674	0	0.0	0	0	0.0	0	0.0	0	0	0.0	12267	2453.4	2432	2479	18.358649187780674	0	0	65
180000	288000.0	156767.3435381234	0.0	0.0	288000.0	156767.3435381234	0.0	0.0	2457.0	17.401149387324963	0	0.0	0	0	0.0	0	0.0	0	0	0.0	12285	2457.0	2439	2483	17.401149387324963	0	0	18
183600	0.0	0.0	0.0	0.0	0.0	0.0	0.0	0.0	2457.0	17.401149387324963	0	0.0	0	0	0.0	0	0.0	0	0	0.0	12285	2457.0	2439	2483	17.401149387324963	0	0	0
187200	0.0	0.0	0.0	0.0	0.0	0.0	0.0	0.0	2457.0	17.401149387324963	0	0.0	0	0	0.0	0	0.0	0	0	0.0	12285	2457.0	2439	2483	17.401149387324963	0	0	0
190800	0.0	0.0	0.0	0.0	0.0	0.0	0.0	0.0	2457.0	17.401149387324963	0	0.0	0	0	0.0	0	0.0	0	0	0.0	12285	2457.0	2439	2483	17.401149387324963	0	0	0
194400	0.0	0.0	0.0	0.0	0.0	0.0	0.0	0.0	2457.0	17.401149387324963	0	0.0	0	0	0.0	0	0.0	0	0	0.0	12285	2457.0	2439	2483	17.401149387324963	0	0	0
198000	0.0	0.0	0.0	0.0	0.0	0.0	0.0	0.0	2457.0	17.401149387324963	0	0.0	0	0	0.0	0	0.0	0	0	0.0	12285	2457.0	2439	2483	17.401149387324963	0	0	0
201600	0.0	0.0	0.0	0.0	0.0	0.0	0.0	0.0	2457.0	17.401149387324963	0	0.0	0	0	0.0	0	0.0	0	0	0.0	12285	2457.0	2439	2483	17.401149387324963	0	0	0
205200	0.0	0.0	0.0	0.0	0.0	0.0	0.0	0.0	2457.0	17.401149387324963	0	0.0	0	0	0.0	0	0.0	0	0	0.0	12285	2457.0	2439	2483	17.401149387324963	0	0	0
208800	0.0	0.0	0.0	0.0	0.0	0.0	0.0	0.0	2457.0	17.401149387324963	0	0.0	0	0	0.0	0	0.0	0	0	0.0	12285	2457.0	2439	2483	17.401149387324963	0	0	0
212400	0.0	0.0	0.0	0.0	0.0	0.0	0.0	0.0	2457.0	17.401149387324963	0	0.0	0	0	0.0	0	0.0	0	0	0.0	12285	2457.0	2439	2483	17.401149387324963	0	0	0
216000	0.0	0.0	0.0	0.0	0.0	0.0	0.0	0.0	2457.0	17.401149387324963	0	0.0	0	0	0.0	0	0.0	0	0	0.0	12285	2457.0	2439	2483	17.401149387324963	0	0	0
219600	0.0	0.0	0.0	0.0	0.0	0.0	0.0	0.0	2457.0	17.401149387324963	0	0.0	0	0	0.0	0	0.0	0	0	0.0	12285	2457.0	2439	2483	17.401149387324963	0	0	0
223200	0.0	0.0	0.0	0.0	0.0	0.0	0.0	0.0	2457.0	17.401149387324963	0	0.0	0	0	0.0	0	0.0	0	0	0.0	12285	2457.0	2439	2483	17.401149387324963	0	0	0
226800	0.0	0.0	0.0	0.0	0.0	0.0	0.0	0.0	2457.0	17.401149387324963	0	0.0	0	0	0.0	0	0.0	0	0	0.0	12285	2457.0	2439	2483	17.401149387324963	0	0	0
230400	0.0	0.0	0.0	0.0	0.0	0.0	0.0	0.0	2457.0	17.401149387324963	0	0.0	0	0	0.0	0	0.0	0	0	0.0	12285	2457.0	2439	2483	17.401149387324963	0	0	0
234000	0.0	0.0	0.0	0.0	0.0	0.0	0.0	0.0	2457.0	17.401149387324963	0	0.0	0	0	0.0	0	0.0	0	0	0.0	12285	2457.0	2439	2483	17.401149387324963	0	0	0
237600	0.0	0.0	0.0	0.0	0.0	0.0	0.0	0.0	2457.0	17.401149387324963	0	0.0	0	0	0.0	0	0.0	0	0	0.0	12285	2457.0	2439	2483	17.401149387324963	0	0	0
241200	0.0	0.0	0.0	0.0	0.0	0.0	0.0	0.0	2457.0	17.401149387324963	0	0.0	0	0	0.0	0	0.0	0	0	0.0	12285	2457.0	2439	2483	17.401149387324963	0	0	0
244800	0.0	0.0	0.0	0.0	0.0	0.0	0.0	0.0	2457.0	17.401149387324963	0	0.0	0	0	0.0	0	0.0	0	0	0.0	12285	2457.0	2439	2483	17.401149387324963	0	0	0
248400	0.0	0.0	0.0	0.0	0.0	0.0	0.0	0.0	2457.0	17.401149387324963	0	0.0	0	0	0.0	0	0.0	0	0	0.0	12285	2457.0	2439	2483	17.401149387324963	0	0	0
252000	0.0	0.0	0.0	0.0	0.0	0.0	0.0	0.0	2457.0	17.401149387324963	0	0.0	0	0	0.0	0	0.0	0	0	0.0	12285	2457.0	2439	2483	17.401149387324963	0	0	0
255600	0.0	0.0	0.0	0.0	0.0	0.0	0.0	0.0	2457.0	17.401149387324963	0	0.0	0	0	0.0	0	0.0	0	0	0.0	12285	2457.0	2439	2483	17.401149387324963	0	0	0
259200	0.0	0.0	0.0	0.0	0.0	0.0	0.0	0.0	2457.0	17.401149387324963	0	0.0	0	0	0.0	0	0.0	0	0	0.0	12285	2457.0	2439	2483	17.401149387324963	0	0	0
262800	0.0	0.0	0.0	0.0	0.0	0.0	0.0	0.0	2457.0	17.401149387324963	0	0.0	0	0	0.0	0	0.0	0	0	0.0	12285	2457.0	2439	2483	17.401149387324963	0	0	0
266400	0.0	0.0	0.0	0.0	0.0	0.0	0.0	0.0	2457.0	17.401149387324963	0	0.0	0	0	0.0	0	0.0	0	0	0.0	12285	2457.0	2439	2483	17.401149387324963	0	0	0
270000	0.0	0.0	0.0	0.0	0.0	0.0	0.0	0.0	2457.0	17.401149387324963	0	0.0	0	0	0.0	0	0.0	0	0	0.0	12285	2457.0	2439	2483	17.401149387324963	0	0	0
273600	0.0	0.0	0.0	0.0	0.0	0.0	0.0	0.0	2457.0	17.401149387324963	0	0.0	0	0	0.0	0	0.0	0	0	0.0	12285	2457.0	2439	2483	17.401149387324963	0	0	0
277200	0.0	0.0	0.0	0.0	0.0	0.0	0.0	0.0	2457.0	17.401149387324963	0	0.0	0	0	0.0	0	0.0	0	0	0.0	12285	2457.0	2439	2483	17.401149387324963	0	0	0
280800	0.0	0.0	0.0	0.0	0.0	0.0	0.0	0.0	2457.0	17.401149387324963	0	0.0	0	0	0.0	0	0.0	0	0	0.0	12285	2457.0	2439	2483	17.401149387324963	0	0	0
284400	0.0	0.0	0.0	0.0	0.0	0.0	0.0	0.0	2457.0	17.401149387324963	0	0.0	0	0	0.0	0	0.0	0	0	0.0	12285	2457.0	2439	2483	17.401149387324963	0	0	0
288000	0.0	0.0	0.0	0.0	0.0	0.0	0.0	0.0	2457.0	17.401149387324963	0	0.0	0	0	0.0	0	0.0	0	0	0.0	12285	2457.0	2439	2483	17.401149387324963	0	0	0
291600	0.0	0.0	0.0	0.0	0.0	0.0	0.0	0.0	2457.0	17.401149387324963	0	0.0	0	0	0.0	0	0.0	0	0	0.0	12285	2457.0	2439	2483	17.401149387324963	0	0	0
295200	0.0	0.0	0.0	0.0	0.0	0.0	0.0	0.0	2457.0	17.401149387324963	0	0.0	0	0	0.0	0	0.0	0	0	0.0	12285	2457.0	2439	2483	17.401149387324963	0	0	0
298800	0.0	0.0	0.0	0.0	0.0	0.0	0.0	0.0	2457.0	17.401149387324963	0	0.0	0	0	0.0	0	0.0	0	0	0.0	12285	2457.0	2439	2483	17.401149387324963	0	0	0
302400	0.0	0.0	0.0	0.0	0.0	0.0	0.0	0.0	2457.0	17.401149387324963	0	0.0	0	0	0.0	0	0.0	0	0	0.0	12285	2457.0	2439	2483	17.401149387324963	0	0	0
306000	0.0	0.0	0.0	0.0	0.0	0.0	0.0	0.0	2457.0	17.401149387324963	0	0.0	0	0	0.0	0	0.0	0	0	0.0	12285	2457.0	2439	2483	17.401149387324963	0	0	0
309600	0.0	0.0	0.0	0.0	0.0	0.0	0.0	0.0	2457.0	17.401149387324963	0	0.0	0	0	0.0	0	0.0	0	0	0.0	12285	2457.0	2439	2483	17.401149387324963	0	0	0
313200	0.0	0.0	0.0	0.0	0.0	0.0	0.0	0.0	2457.0	17.401149387324963	0	0.0	0	0	0.0	0	0.0	0	0	0.0	12285	2457.0	2439	2483	17.401149387324963	0	0	0
316800	0.0	0.0	0.0	0.0	0.0	0.0	0.0	0.0	2457.0	17.401149387324963	0	0.0	0	0	0.0	0	0.0	0	0	0.0	12285	2457.0	2439	2483	17.401149387324963	0	0	0
320400	0.0	0.0	0.0	0.0	0.0	0.0	0.0	0.0	2457.0	17.401149387324963	0	0.0	0	0	0.0	0	0.0	0	0	0.0	12285	2457.0	2439	2483	17.401149387324963	0	0	0
324000	0.0	0.0	0.0	0.0	0.0	0.0	0.0	0.0	2457.0	17.401149387324963	0	0.0	0	0	0.0	0	0.0	0	0	0.0	12285	2457.0	2439	2483	17.401149387324963	0	0	0
327600	0.0	0.0	0.0	0.0	0.0	0.0	0.0	0.0	2457.0	17.401149387324963	0	0.0	0	0	0.0	0	0.0	0	0	0.0	12285	2457.0	2439	2483	17.401149387324963	0	0	0
331200	0.0	0.0	0.0	0.0	0.0	0.0	0.0	0.0	2457.0	17.401149387324963	0	0.0	0	0	0.0	0	0.0	0	0	0.0	12285	2457.0	2439	2483	17.401149387324963	0	0	0
334800	0.0	0.0	0.0	0.0	0.0	0.0	0.0	0.0	2457.0	17.401149387324963	0	0.0	0	0	0.0	0	0.0	0	0	0.0	12285	2457.0	2439	2483	17.401149387324963	0	0	0
338400	0.0	0.0	0.0	0.0	0.0	0.0	0.0	0.0	2457.0	17.401149387324963	0	0.0	0	0	0.0	0	0.0	0	0	0.0	12285	2457.0	2439	2483	17.401149387324963	0	0	0
342000	0.0	0.0	0.0	0.0	0.0	0.0	0.0	0.0	2457.0	17.401149387324963	0	0.0	0	0	0.0	0	0.0	0	0	0.0	12285	2457.0	2439	2483	17.401149387324963	0	0	0
345600	0.0	0.0	0.0	0.0	0.0	0.0	0.0	0.0	2457.0	17.401149387324963	0	0.0	0	0	0.0	0	0.0	0	0	0.0	12285	2457.0	2439	2483	17.401149387324963	0	0	0
349200	0.0	0.0	0.0	0.0	0.0	0.0	0.0	0.0	2457.0	17.401149387324963	0	0.0	0	0	0.0	0	0.0	0	0	0.0	12285	2457.0	2439	2483	17.401149387324963	0	0	0
352800	0.0	0.0	0.0	0.0	0.0	0.0	0.0	0.0	2457.0	17.401149387324963	0	0.0	0	0	0.0	0	0.0	0	0	0.0	12285	2457.0	2439	2483	17.401149387324963	0	0	0
356400	0.0	0.0	0.0	0.0	0.0	0.0	0.0	0.0	2457.0	17.401149387324963	0	0.0	0	0	0.0	0	0.0	0	0	0.0	12285	2457.0	2439	2483	17.401149387324963	0	0	0
360000	0.0	0.0	0.0	0.0	0.0	0.0	0.0	0.0	2457.0	17.401149387324963	0	0.0	0	0	0.0	0	0.0	0	0	0.0	12285	2457.0	2439	2483	17.401149387324963	0	0	0
363600	0.0	0.0	0.0	0.0	0.0	0.0	0.0	0.0	2457.0	17.401149387324963	0	0.0	0	0	0.0	0	0.0	0	0	0.0	12285	2457.0	2439	2483	17.401149387324963	0	0	0
367200	0.0	0.0	0.0	0.0	0.0	0.0	0.0	0.0	2457.0	17.401149387324963	0	0.0	0	0	0.0	0	0.0	0	0	0.0	12285	2457.0	2439	2483	17.401149387324963	0	0	0
370800	0.0	0.0	0.0	0.0	0.0	0.0	0.0	0.0	2457.0	17.401149387324963	0	0.0	0	0	0.0	0	0.0	0	0	0.0	12285	2457.0	2439	2483	17.401149387324963	0	0	0
374400	0.0	0.0	0.0	0.0	0.0	0.0	0.0	0.0	2457.0	17.401149387324963	0	0.0	0	0	0.0	0	0.0	0	0	0.0	12285	2457.0	2439	2483	17.401149387324963	0	0	0
378000	0.0	0.0	0.0	0.0	0.0	0.0	0.0	0.0	2457.0	17.401149387324963	0	0.0	0	0	0.0	0	0.0	0	0	0.0	12285	2457.0	2439	2483	17.401149387324963	0	0	0
381600	0.0	0.0	0.0	0.0	0.0	0.0	0.0	0.0	2457.0	17.401149387324963	0	0.0	0	0	0.0	0	0.0	0	0	0.0	12285	2457.0	2439	2483	17.401149387324963	0	0	0
385200	0.0	0.0	0.0	0.0	0.0	0.0	0.0	0.0	2457.0	17.401149387324963	0	0.0	0	0	0.0	0	0.0	0	0	0.0	12285	2457.0	2439	2483	17.401149387324963	0	0	0
388800	0.0	0.0	0.0	0.0	0.0	0.0	0.0	0.0	2457.0	17.401149387324963	0	0.0	0	0	0.0	0	0.0	0	0	0.0	12285	2457.0	2439	2483	17.401149387324963	0	0	0
392400	0.0	0.0	0.0	0.0	0.0	0.0	0.0	0.0	2457.0	17.401149387324963	0	0.0	0	0	0.0	0	0.0	0	0	0.0	12285	2457.0	2439	2483	17.401149387324963	0	0	0
396000	0.0	0.0	0.0	0.0	0.0	0.0	0.0	0.0	2457.0	17.401149387324963	0	0.0	0	0	0.0	0	0.0	0	0	0.0	12285	2457.0	2439	2483	17.401149387324963	0	0	0
399600	0.0	0.0	0.0	0.0	0.0	0.0	0.0	0.0	2457.0	17.401149387324963	0	0.0	0	0	0.0	0	0.0	0	0	0.0	12285	2457.0	2439	2483	17.401149387324963	0	0	0
403200	0.0	0.0	0.0	0.0	0.0	0.0	0.0	0.0	2457.0	17.401149387324963	0	0.0	0	0	0.0	0	0.0	0	0	0.0	12285	2457.0	2439	2483	17.401149387324963	0	0	0
406800	0.0	0.0	0.0	0.0	0.0	0.0	0.0	0.0	2457.0	17.401149387324963	0	0.0	0	0	0.0	0	0.0	0	0	0.0	12285	2457.0	2439	2483	17.401149387324963	0	0	0
410400	0.0	0.0	0.0	0.0	0.0	0.0	0.0	0.0	2457.0	17.401149387324963	0	0.0	0	0	0.0	0	0.0	0	0	0.0	12285	2457.0	2439	2483	17.401149387324963	0	0	0
414000	0.0	0.0	0.0	0.0	0.0	0.0	0.0	0.0	2457.0	17.401149387324963	0	0.0	0	0	0.0	0	0.0	0	0	0.0	12285	2457.0	2439	2483	17.401149387324963	0	0	0
417600	0.0	0.0	0.0	0.0	0.0	0.0	0.0	0.0	2457.0	17.401149387324963	0	0.0	0	0	0.0	0	0.0	0	0	0.0	12285	2457.0	2439	2483	17.401149387324963	0	0	0
421200	0.0	0.0	0.0	0.0	0.0	0.0	0.0	0.0	2457.0	17.401149387324963	0	0.0	0	0	0.0	0	0.0	0	0	0.0	12285	2457.0	2439	2483	17.401149387324963	0	0	0
424800	0.0	0.0	0.0	0.0	0.0	0.0	0.0	0.0	2457.0	17.401149387324963	0	0.0	0	0	0.0	0	0.0	0	0	0.0	12285	2457.0	2439	2483	17.401149387324963	0	0	0
428400	0.0	0.0	0.0	0.0	0.0	0.0	0.0	0.0	2457.0	17.401149387324963	0	0.0	0	0	0.0	0	0.0	0	0	0.0	12285	2457.0	2439	2483	17.401149387324963	0	0	0
432000	0.0	0.0	0.0	0.0	0.0	0.0	0.0	0.0	2457.0	17.401149387324963	0	0.0	0	0	0.0	0	0.0	0	0	0.0	12285	2457.0	2439	2483	17.401149387324963	0	0	0
435600	0.0	0.0	0.0	0.0	0.0	0.0	0.0	0.0	2457.0	17.401149387324963	0	0.0	0	0	0.0	0	0.0	0	0	0.0	12285	2457.0	2439	2483	17.401149387324963	0	0	0
439200	0.0	0.0	0.0	0.0	0.0	0.0	0.0	0.0	2457.0	17.401149387324963	0	0.0	0	0	0.0	0	0.0	0	0	0.0	12285	2457.0	2439	2483	17.401149387324963	0	0	0
442800	0.0	0.0	0.0	0.0	0.0	0.0	0.0	0.0	2457.0	17.401149387324963	0	0.0	0	0	0.0	0	0.0	0	0	0.0	12285	2457.0	2439	2483	17.401149387324963	0	0	0
446400	0.0	0.0	0.0	0.0	0.0	0.0	0.0	0.0	2457.0	17.401149387324963	0	0.0	0	0	0.0	0	0.0	0	0	0.0	12285	2457.0	2439	2483	17.401149387324963	0	0	0
450000	0.0	0.0	0.0	0.0	0.0	0.0	0.0	0.0	2457.0	17.401149387324963	0	0.0	0	0	0.0	0	0.0	0	0	0.0	12285	2457.0	2439	2483	17.401149387324963	0	0	0
453600	0.0	0.0	0.0	0.0	0.0	0.0	0.0	0.0	2457.0	17.401149387324963	0	0.0	0	0	0.0	0	0.0	0	0	0.0	12285	2457.0	2439	2483	17.401149387324963	0	0	0
457200	0.0	0.0	0.0	0.0	0.0	0.0	0.0	0.0	2457.0	17.401149387324963	0	0.0	0	0	0.0	0	0.0	0	0	0.0	12285	2457.0	2439	2483	17.401149387324963	0	0	0
460800	0.0	0.0	0.0	0.0	0.0	0.0	0.0	0.0	2457.0	17.401149387324963	0	0.0	0	0	0.0	0	0.0	0	0	0.0	12285	2457.0	2439	2483	17.401149387324963	0	0	0
464400	0.0	0.0	0.0	0.0	0.0	0.0	0.0	0.0	2457.0	17.401149387324963	0	0.0	0	0	0.0	0	0.0	0	0	0.0	12285	2457.0	2439	2483	17.401149387324963	0	0	0
468000	0.0	0.0	0.0	0.0	0.0	0.0	0.0	0.0	2457.0	17.401149387324963	0	0.0	0	0	0.0	0	0.0	0	0	0.0	12285	2457.0	2439	2483	17.401149387324963	0	0	0
471600	0.0	0.0	0.0	0.0	0.0	0.0	0.0	0.0	2457.0	17.401149387324963	0	0.0	0	0	0.0	0	0.0	0	0	0.0	12285	2457.0	2439	2483	17.401149387324963	0	0	0
475200	0.0	0.0	0.0	0.0	0.0	0.0	0.0	0.0	2457.0	17.401149387324963	0	0.0	0	0	0.0	0	0.0	0	0	0.0	12285	2457.0	2439	2483	17.401149387324963	0	0	0
478800	0.0	0.0	0.0	0.0	0.0	0.0	0.0	0.0	2457.0	17.401149387324963	0	0.0	0	0	0.0	0	0.0	0	0	0.0	12285	2457.0	2439	2483	17.401149387324963	0	0	0
482400	0.0	0.0	0.0	0.0	0.0	0.0	0.0	0.0	2457.0	17.401149387324963	0	0.0	0	0	0.0	0	0.0	0	0	0.0	12285	2457.0	2439	2483	17.401149387324963	0	0	0
486000	0.0	0.0	0.0	0.0	0.0	0.0	0.0	0.0	2457.0	17.401149387324963	0	0.0	0	0	0.0	0	0.0	0	0	0.0	12285	2457.0	2439	2483	17.401149387324963	0	0	0
489600	0.0	0.0	0.0	0.0	0.0	0.0	0.0	0.0	2457.0	17.401149387324963	0	0.0	0	0	0.0	0	0.0	0	0	0.0	12285	2457.0	2439	2483	17.401149387324963	0	0	0
493200	0.0	0.0	0.0	0.0	0.0	0.0	0.0	0.0	2457.0	17.401149387324963	0	0.0	0	0	0.0	0	0.0	0	0	0.0	12285	2457.0	2439	2483	17.401149387324963	0	0	0
496800	0.0	0.0	0.0	0.0	0.0	0.0	0.0	0.0	2457.0	17.401149387324963	0	0.0	0	0	0.0	0	0.0	0	0	0.0	12285	2457.0	2439	2483	17.401149387324963	0	0	0
500400	0.0	0.0	0.0	0.0	0.0	0.0	0.0	0.0	2457.0	17.401149387324963	0	0.0	0	0	0.0	0	0.0	0	0	0.0	12285	2457.0	2439	2483	17.401149387324963	0	0	0
504000	0.0	0.0	0.0	0.0	0.0	0.0	0.0	0.0	2457.0	17.401149387324963	0	0.0	0	0	0.0	0	0.0	0	0	0.0	12285	2457.0	2439	2483	17.401149387324963	0	0	0
507600	0.0	0.0	0.0	0.0	0.0	0.0	0.0	0.0	2457.0	17.401149387324963	0	0.0	0	0	0.0	0	0.0	0	0	0.0	12285	2457.0	2439	2483	17.401149387324963	0	0	0
511200	0.0	0.0	0.0	0.0	0.0	0.0	0.0	0.0	2457.0	17.401149387324963	0	0.0	0	0	0.0	0	0.0	0	0	0.0	12285	2457.0	2439	2483	17.401149387324963	0	0	0
514800	0.0	0.0	0.0	0.0	0.0	0.0	0.0	0.0	2457.0	17.401149387324963	0	0.0	0	0	0.0	0	0.0	0	0	0.0	12285	2457.0	2439	2483	17.401149387324963	0	0	0
518400	0.0	0.0	0.0	0.0	0.0	0.0	0.0	0.0	2457.0	17.401149387324963	0	0.0	0	0	0.0	0	0.0	0	0	0.0	12285	2457.0	2439	2483	17.401149387324963	0	0	0
522000	0.0	0.0	0.0	0.0	0.0	0.0	0.0	0.0	2457.0	17.401149387324963	0	0.0	0	0	0.0	0	0.0	0	0	0.0	12285	2457.0	2439	2483	17.401149387324963	0	0	0
525600	0.0	0.0	0.0	0.0	0.0	0.0	0.0	0.0	2457.0	17.401149387324963	0	0.0	0	0	0.0	0	0.0	0	0	0.0	12285	2457.0	2439	2483	17.401149387324963	0	0	0
529200	0.0	0.0	0.0	0.0	0.0	0.0	0.0	0.0	2457.0	17.401149387324963	0	0.0	0	0	0.0	0	0.0	0	0	0.0	12285	2457.0	2439	2483	17.401149387324963	0	0	0
532800	0.0	0.0	0.0	0.0	0.0	0.0	0.0	0.0	2457.0	17.401149387324963	0	0.0	0	0	0.0	0	0.0	0	0	0.0	12285	2457.0	2439	2483	17.401149387324963	0	0	0
536400	0.0	0.0	0.0	0.0	0.0	0.0	0.0	0.0	2457.0	17.401149387324963	0	0.0	0	0	0.0	0	0.0	0	0	0.0	12285	2457.0	2439	2483	17.401149387324963	0	0	0
540000	0.0	0.0	0.0	0.0	0.0	0.0	0.0	0.0	2457.0	17.401149387324963	0	0.0	0	0	0.0	0	0.0	0	0	0.0	12285	2457.0	2439	2483	17.401149387324963	0	0	0
543600	0.0	0.0	0.0	0.0	0.0	0.0	0.0	0.0	2457.0	17.401149387324963	0	0.0	0	0	0.0	0	0.0	0	0	0.0	12285	2457.0	2439	2483	17.401149387324963	0	0	0
547200	0.0	0.0	0.0	0.0	0.0	0.0	0.0	0.0	2457.0	17.401149387324963	0	0.0	0	0	0.0	0	0.0	0	0	0.0	12285	2457.0	2439	2483	17.401149387324963	0	0	0
550800	0.0	0.0	0.0	0.0	0.0	0.0	0.0	0.0	2457.0	17.401149387324963	0	0.0	0	0	0.0	0	0.0	0	0	0.0	12285	2457.0	2439	2483	17.401149387324963	0	0	0
554400	0.0	0.0	0.0	0.0	0.0	0.0	0.0	0.0	2457.0	17.401149387324963	0	0.0	0	0	0.0	0	0.0	0	0	0.0	12285	2457.0	2439	2483	17.401149387324963	0	0	0
558000	0.0	0.0	0.0	0.0	0.0	0.0	0.0	0.0	2457.0	17.401149387324963	0	0.0	0	0	0.0	0	0.0	0	0	0.0	12285	2457.0	2439	2483	17.401149387324963	0	0	0
561600	0.0	0.0	0.0	0.0	0.0	0.0	0.0	0.0	2457.0	17.401149387324963	0	0.0	0	0	0.0	0	0.0	0	0	0.0	12285	2457.0	2439	2483	17.401149387324963	0	0	0
565200	0.0	0.0	0.0	0.0	0.0	0.0	0.0	0.0	2457.0	17.401149387324963	0	0.0	0	0	0.0	0	0.0	0	0	0.0	12285	2457.0	2439	2483	17.401149387324963	0	0	0
568800	0.0	0.0	0.0	0.0	0.0	0.0	0.0	0.0	2457.0	17.401149387324963	0	0.0	0	0	0.0	0	0.0	0	0	0.0	12285	2457.0	2439	2483	17.401149387324963	0	0	0
572400	0.0	0.0	0.0	0.0	0.0	0.0	0.0	0.0	2457.0	17.401149387324963	0	0.0	0	0	0.0	0	0.0	0	0	0.0	12285	2457.0	2439	2483	17.401149387324963	0	0	0
576000	0.0	0.0	0.0	0.0	0.0	0.0	0.0	0.0	2457.0	17.401149387324963	0	0.0	0	0	0.0	0	0.0	0	0	0.0	12285	2457.0	2439	2483	17.401149387324963	0	0	0
579600	0.0	0.0	0.0	0.0	0.0	0.0	0.0	0.0	2457.0	17.401149387324963	0	0.0	0	0	0.0	0	0.0	0	0	0.0	12285	2457.0	2439	2483	17.401149387324963	0	0	0
583200	0.0	0.0	0.0	0.0	0.0	0.0	0.0	0.0	2457.0	17.401149387324963	0	0.0	0	0	0.0	0	0.0	0	0	0.0	12285	2457.0	2439	2483	17.401149387324963	0	0	0
586800	0.0	0.0	0.0	0.0	0.0	0.0	0.0	0.0	2457.0	17.401149387324963	0	0.0	0	0	0.0	0	0.0	0	0	0.0	12285	2457.0	2439	2483	17.401149387324963	0	0	0
590400	0.0	0.0	0.0	0.0	0.0	0.0	0.0	0.0	2457.0	17.401149387324963	0	0.0	0	0	0.0	0	0.0	0	0	0.0	12285	2457.0	2439	2483	17.401149387324963	0	0	0
594000	0.0	0.0	0.0	0.0	0.0	0.0	0.0	0.0	2457.0	17.401149387324963	0	0.0	0	0	0.0	0	0.0	0	0	0.0	12285	2457.0	2439	2483	17.401149387324963	0	0	0
597600	0.0	0.0	0.0	0.0	0.0	0.0	0.0	0.0	2457.0	17.401149387324963	0	0.0	0	0	0.0	0	0.0	0	0	0.0	12285	2457.0	2439	2483	17.401149387324963	0	0	0
601200	0.0	0.0	0.0	0.0	0.0	0.0	0.0	0.0	2457.0	17.401149387324963	0	0.0	0	0	0.0	0	0.0	0	0	0.0	12285	2457.0	2439	2483	17.401149387324963	0	0	0
604800	0.0	0.0	0.0	0.0	0.0	0.0	0.0	0.0	2457.0	17.401149387324963	0	0.0	0	0	0.0	0	0.0	0	0	0.0	12285	2457.0	2439	2483	17.401149387324963	0	0	0
608400	0.0	0.0	0.0	0.0	0.0	0.0	0.0	0.0	2457.0	17.401149387324963	0	0.0	0	0	0.0	0	0.0	0	0	0.0	12285	2457.0	2439	2483	17.401149387324963	0	0	0
612000	0.0	0.0	0.0	0.0	0.0	0.0	0.0	0.0	2457.0	17.401149387324963	0	0.0	0	0	0.0	0	0.0	0	0	0.0	12285	2457.0	2439	2483	17.401149387324963	0	0	0
615600	0.0	0.0	0.0	0.0	0.0	0.0	0.0	0.0	2457.0	17.401149387324963	0	0.0	0	0	0.0	0	0.0	0	0	0.0	12285	2457.0	2439	2483	17.401149387324963	0	0	0
619200	0.0	0.0	0.0	0.0	0.0	0.0	0.0	0.0	2457.0	17.401149387324963	0	0.0	0	0	0.0	0	0.0	0	0	0.0	12285	2457.0	2439	2483	17.401149387324963	0	0	0
622800	0.0	0.0	0.0	0.0	0.0	0.0	0.0	0.0	2457.0	17.401149387324963	0	0.0	0	0	0.0	0	0.0	0	0	0.0	12285	2457.0	2439	2483	17.401149387324963	0	0	0
626400	0.0	0.0	0.0	0.0	0.0	0.0	0.0	0.0	2457.0	17.401149387324963	0	0.0	0	0	0.0	0	0.0	0	0	0.0	12285	2457.0	2439	2483	17.401149387324963	0	0	0
630000	0.0	0.0	0.0	0.0	0.0	0.0	0.0	0.0	2457.0	17.401149387324963	0	0.0	0	0	0.0	0	0.0	0	0	0.0	12285	2457.0	2439	2483	17.401149387324963	0	0	0
633600	0.0	0.0	0.0	0.0	0.0	0.0	0.0	0.0	2457.0	17.401149387324963	0	0.0	0	0	0.0	0	0.0	0	0	0.0	12285	2457.0	2439	2483	17.401149387324963	0	0	0
637200	0.0	0.0	0.0	0.0	0.0	0.0	0.0	0.0	2457.0	17.401149387324963	0	0.0	0	0	0.0	0	0.0	0	0	0.0	12285	2457.0	2439	2483	17.401149387324963	0	0	0
640800	0.0	0.0	0.0	0.0	0.0	0.0	0.0	0.0	2457.0	17.401149387324963	0	0.0	0	0	0.0	0	0.0	0	0	0.0	12285	2457.0	2439	2483	17.401149387324963	0	0	0
644400	0.0	0.0	0.0	0.0	0.0	0.0	0.0	0.0	2457.0	17.401149387324963	0	0.0	0	0	0.0	0	0.0	0	0	0.0	12285	2457.0	2439	2483	17.401149387324963	0	0	0
648000	0.0	0.0	0.0	0.0	0.0	0.0	0.0	0.0	2457.0	17.401149387324963	0	0.0	0	0	0.0	0	0.0	0	0	0.0	12285	2457.0	2439	2483	17.401149387324963	0	0	0
651600	0.0	0.0	0.0	0.0	0.0	0.0	0.0	0.0	2457.0	17.401149387324963	0	0.0	0	0	0.0	0	0.0	0	0	0.0	12285	2457.0	2439	2483	17.401149387324963	0	0	0
655200	0.0	0.0	0.0	0.0	0.0	0.0	0.0	0.0	2457.0	17.401149387324963	0	0.0	0	0	0.0	0	0.0	0	0	0.0	12285	2457.0	2439	2483	17.401149387324963	0	0	0
658800	0.0	0.0	0.0	0.0	0.0	0.0	0.0	0.0	2457.0	17.401149387324963	0	0.0	0	0	0.0	0	0.0	0	0	0.0	12285	2457.0	2439	2483	17.401149387324963	0	0	0
662400	0.0	0.0	0.0	0.0	0.0	0.0	0.0	0.0	2457.0	17.401149387324963	0	0.0	0	0	0.0	0	0.0	0	0	0.0	12285	2457.0	2439	2483	17.401149387324963	0	0	0
666000	16000.0	32000.0	0.0	0.0	16000.0	32000.0	0.0	0.0	2457.2	17.19767426136453	0	0.0	0	0	0.0	0	0.0	0	0	0.0	12286	2457.2	2440	2483	17.19767426136453	0	0	1
669600	928000.0	186590.46063504962	0.0	0.0	928000.0	186590.46063504962	0.0	0.0	2468.8	17.70197729068705	0	0.0	0	0	0.0	0	0.0	0	0	0.0	12344	2468.8	2448	2493	17.70197729068705	0	0	58
673200	1472000.0	293284.84447717376	0.0	0.0	1472000.0	293284.84447717376	0.0	0.0	2487.2	17.2441294358399	0	0.0	0	0	0.0	0	0.0	0	0	0.0	12436	2487.2	2468	2512	17.2441294358399	0	0	92
676800	2640000.0	474636.70317412243	0.0	0.0	2640000.0	474636.70317412243	0.0	0.0	2520.2	12.796874618437114	0	0.0	0	0	0.0	0	0.0	0	0	0.0	12601	2520.2	2505	2536	12.796874618437114	0	0	165
680400	3616000.0	406034.48129438463	0.0	0.0	3616000.0	406034.48129438463	0.0	0.0	2565.4	13.994284547628721	0	0.0	0	0	0.0	0	0.0	0	0	0.0	12827	2565.4	2550	2589	13.994284547628721	0	0	226
684000	4160000.0	323975.3077010654	0.0	0.0	4160000.0	323975.3077010654	0.0	0.0	2617.4	15.054567413247051	0	0.0	0	0	0.0	0	0.0	0	0	0.0	13087	2617.4	2596	2639	15.054567413247051	0	0	260
687600	4432000.0	557939.0647732062	0.0	0.0	4432000.0	557939.0647732062	0.0	0.0	2672.8	12.496399481450647	0	0.0	0	0	0.0	0	0.0	0	0	0.0	13364	2672.8	2661	2689	12.496399481450647	0	0	277
691200	4544000.0	584383.4357679896	0.0	0.0	4544000.0	584383.4357679896	0.0	0.0	2729.6	6.7111846942250075	0	0.0	0	0	0.0	0	0.0	0	0	0.0	13648	2729.6	2722	2737	6.7111846942250075	0	0	284
694800	4944000.0	421502.0759142237	0.0	0.0	4944000.0	421502.0759142237	0.0	0.0	2791.4	10.44222198576529	0	0.0	0	0	0.0	0	0.0	0	0	0.0	13957	2791.4	2775	2806	10.44222198576529	0	0	309
698400	5264000.0	941692.0940519783	0.0	0.0	5264000.0	941692.0940519783	0.0	0.0	2857.2	11.178550889985695	0	0.0	0	0	0.0	0	0.0	0	0	0.0	14286	2857.2	2841	2869	11.178550889985695	0	0	329
702000	5280000.0	331783.06165324355	0.0	0.0	5280000.0	331783.06165324355	0.0	0.0	2923.2	12.416118556135006	0	0.0	0	0	0.0	0	0.0	0	0	0.0	14616	2923.2	2901	2933	12.416118556135006	0	0	330
705600	5344000.0	531623.9272267568	0.0	0.0	5344000.0	531623.9272267568	0.0	0.0	2990.0	17.81010948871455	0	0.0	0	0	0.0	0	0.0	0	0	0.0	14950	2990.0	2958	3010	17.81010948871455	0	0	334
709200	5040000.0	482659.3001279474	0.0	0.0	5040000.0	482659.3001279474	0.0	0.0	3053.0	22.44994432064365	0	0.0	0	0	0.0	0	0.0	0	0	0.0	15265	3053.0	3017	3083	22.44994432064365	0	0	315
712800	5488000.0	476252.0341163909	0.0	0.0	5488000.0	476252.0341163909	0.0	0.0	3121.6	25.819372571772536	0	0.0	0	0	0.0	0	0.0	0	0	0.0	15608	3121.6	3078	3150	25.819372571772536	0	0	343
716400	5600000.0	665492.2989787335	0.0	0.0	5600000.0	665492.2989787335	0.0	0.0	3191.6	20.14547095503106	0	0.0	0	0	0.0	0	0.0	0	0	0.0	15958	3191.6	3162	3216	20.14547095503106	0	0	350
720000	5344000.0	698157.5753366858	0.0	0.0	5344000.0	698157.5753366858	0.0	0.0	3258.4	21.923503369671554	0	0.0	0	0	0.0	0	0.0	0	0	0.0	16292	3258.4	3225	3290	21.923503369671554	0	0	334
723600	5008000.0	736000.0	0.0	0.0	5008000.0	736000.0	0.0	0.0	3321.0	22.117866081518805	0	0.0	0	0	0.0	0	0.0	0	0	0.0	16605	3321.0	3297	3356	22.117866081518805	0	0	313
727200	4624000.0	825823.2256360921	0.0	0.0	4624000.0	825823.2256360921	0.0	0.0	3378.8	15.612815249018995	0	0.0	0	0	0.0	0	0.0	0	0	0.0	16894	3378.8	3362	3406	15.612815249018995	0	0	289
730800	4192000.0	524839.0229394152	0.0	0.0	4192000.0	524839.0229394152	0.0	0.0	3431.2	20.788458336298053	0	0.0	0	0	0.0	0	0.0	0	0	0.0	17156	3431.2	3407	3469	20.788458336298053	0	0	262
734400	4272000.0	544000.0	0.0	0.0	4272000.0	544000.0	0.0	0.0	3484.6	23.7873916182502	0	0.0	0	0	0.0	0	0.0	0	0	0.0	17423	3484.6	3455	3523	23.7873916182502	0	0	267
738000	4272000.0	604198.6428319745	0.0	0.0	4272000.0	604198.6428319745	0.0	0.0	3538.0	26.735743864721623	0	0.0	0	0	0.0	0	0.0	0	0	0.0	17690	3538.0	3509	3574	26.735743864721623	0	0	267
741600	3728000.0	322391.06687375816	0.0	0.0	3728000.0	322391.06687375816	0.0	0.0	3584.6	24.532427519509763	0	0.0	0	0	0.0	0	0.0	0	0	0.0	17923	3584.6	3562	3615	24.532427519509763	0	0	233
745200	3920000.0	449711.0183217663	0.0	0.0	3920000.0	449711.0183217663	0.0	0.0	3633.6	26.889403117213295	0	0.0	0	0	0.0	0	0.0	0	0	0.0	18168	3633.6	3609	3673	26.889403117213295	0	0	245
748800	3360000.0	623794.8380677737	0.0	0.0	3360000.0	623794.8380677737	0.0	0.0	3675.6	23.618636709175235	0	0.0	0	0	0.0	0	0.0	0	0	0.0	18378	3675.6	3651	3716	23.618636709175235	0	0	210
752400	3376000.0	344650.5476566083	0.0	0.0	3376000.0	344650.5476566083	0.0	0.0	3717.8	23.318662054243163	0	0.0	0	0	0.0	0	0.0	0	0	0.0	18589	3717.8	3695	3761	23.318662054243163	0	0	211
756000	2832000.0	240532.74205396653	0.0	0.0	2832000.0	240532.74205396653	0.0	0.0	3753.2	22.51577224969199	0	0.0	0	0	0.0	0	0.0	0	0	0.0	18766	3753.2	3730	3795	22.51577224969199	0	0	177
759600	2752000.0	284422.2213540988	0.0	0.0	2752000.0	284422.2213540988	0.0	0.0	3787.6	23.896443249990153	0	0.0	0	0	0.0	0	0.0	0	0	0.0	18938	3787.6	3767	3834	23.896443249990153	0	0	172
763200	2416000.0	396464.37418764376	0.0	0.0	2416000.0	396464.37418764376	0.0	0.0	3817.8	28.68727941091661	0	0.0	0	0	0.0	0	0.0	0	0	0.0	19089	3817.8	3793	3873	28.68727941091661	0	0	151
766800	2080000.0	286216.7011199731	0.0	0.0	2080000.0	286216.7011199731	0.0	0.0	3843.8	28.7986110776197	0	0.0	0	0	0.0	0	0.0	0	0	0.0	19219	3843.8	3813	3898	28.7986110776197	0	0	130
770400	1696000.0	309425.27369301947	0.0	0.0	1696000.0	309425.27369301947	0.0	0.0	3865.0	26.32109420217936	0	0.0	0	0	0.0	0	0.0	0	0	0.0	19325	3865.0	3835	3913	26.32109420217936	0	0	106
774000	1280000.0	286216.7011199731	0.0	0.0	1280000.0	286216.7011199731	0.0	0.0	3881.0	27.011108825814613	0	0.0	0	0	0.0	0	0.0	0	0	0.0	19405	3881.0	3850	3928	27.011108825814613	0	0	80
777600	1072000.0	81584.31221748456	0.0	0.0	1072000.0	81584.31221748456	0.0	0.0	3894.4	27.521627858831316	0	0.0	0	0	0.0	0	0.0	0	0	0.0	19472	3894.4	3863	3943	27.521627858831316	0	0	67
781200	1136000.0	386657.4711550263	0.0	0.0	1136000.0	386657.4711550263	0.0	0.0	3908.6	28.00428538634757	0	0.0	0	0	0.0	0	0.0	0	0	0.0	19543	3908.6	3879	3961	28.00428538634757	0	0	71
784800	528000.0	156767.3435381234	0.0	0.0	528000.0	156767.3435381234	0.0	0.0	3915.2	26.422717498395205	0	0.0	0	0	0.0	0	0.0	0	0	0.0	19576	3915.2	3889	3965	26.422717498395205	0	0	33
788400	240000.0	50596.44256269407	0.0	0.0	240000.0	50596.44256269407	0.0	0.0	3918.2	26.932508238186802	0	0.0	0	0	0.0	0	0.0	0	0	0.0	19591	3918.2	3892	3969	26.932508238186802	0	0	15
792000	0.0	0.0	0.0	0.0	0.0	0.0	0.0	0.0	3918.2	26.932508238186802	0	0.0	0	0	0.0	0	0.0	0	0	0.0	19591	3918.2	3892	3969	26.932508238186802	0	0	0
795600	0.0	0.0	0.0	0.0	0.0	0.0	0.0	0.0	3918.2	26.932508238186802	0	0.0	0	0	0.0	0	0.0	0	0	0.0	19591	3918.2	3892	3969	26.932508238186802	0	0	0
799200	0.0	0.0	0.0	0.0	0.0	0.0	0.0	0.0	3918.2	26.932508238186802	0	0.0	0	0	0.0	0	0.0	0	0	0.0	19591	3918.2	3892	3969	26.932508238186802	0	0	0
802800	0.0	0.0	0.0	0.0	0.0	0.0	0.0	0.0	3918.2	26.932508238186802	0	0.0	0	0	0.0	0	0.0	0	0	0.0	19591	3918.2	3892	3969	26.932508238186802	0	0	0
806400	0.0	0.0	0.0	0.0	0.0	0.0	0.0	0.0	3918.2	26.932508238186802	0	0.0	0	0	0.0	0	0.0	0	0	0.0	19591	3918.2	3892	3969	26.932508238186802	0	0	0
810000	0.0	0.0	0.0	0.0	0.0	0.0	0.0	0.0	3918.2	26.932508238186802	0	0.0	0	0	0.0	0	0.0	0	0	0.0	19591	3918.2	3892	3969	26.932508238186802	0	0	0
813600	0.0	0.0	0.0	0.0	0.0	0.0	0.0	0.0	3918.2	26.932508238186802	0	0.0	0	0	0.0	0	0.0	0	0	0.0	19591	3918.2	3892	3969	26.932508238186802	0	0	0
817200	0.0	0.0	0.0	0.0	0.0	0.0	0.0	0.0	3918.2	26.932508238186802	0	0.0	0	0	0.0	0	0.0	0	0	0.0	19591	3918.2	3892	3969	26.932508238186802	0	0	0
820800	0.0	0.0	0.0	0.0	0.0	0.0	0.0	0.0	3918.2	26.932508238186802	0	0.0	0	0	0.0	0	0.0	0	0	0.0	19591	3918.2	3892	3969	26.932508238186802	0	0	0
824400	0.0	0.0	0.0	0.0	0.0	0.0	0.0	0.0	3918.2	26.932508238186802	0	0.0	0	0	0.0	0	0.0	0	0	0.0	19591	3918.2	3892	3969	26.932508238186802	0	0	0
828000	0.0	0.0	0.0	0.0	0.0	0.0	0.0	0.0	3918.2	26.932508238186802	0	0.0	0	0	0.0	0	0.0	0	0	0.0	19591	3918.2	3892	3969	26.932508238186802	0	0	0
831600	0.0	0.0	0.0	0.0	0.0	0.0	0.0	0.0	3918.2	26.932508238186802	0	0.0	0	0	0.0	0	0.0	0	0	0.0	19591	3918.2	3892	3969	26.932508238186802	0	0	0
835200	0.0	0.0	0.0	0.0	0.0	0.0	0.0	0.0	3918.2	26.932508238186802	0	0.0	0	0	0.0	0	0.0	0	0	0.0	19591	3918.2	3892	3969	26.932508238186802	0	0	0
838800	0.0	0.0	0.0	0.0	0.0	0.0	0.0	0.0	3918.2	26.932508238186802	0	0.0	0	0	0.0	0	0.0	0	0	0.0	19591	3918.2	3892	3969	26.932508238186802	0	0	0
842400	0.0	0.0	0.0	0.0	0.0	0.0	0.0	0.0	3918.2	26.932508238186802	0	0.0	0	0	0.0	0	0.0	0	0	0.0	19591	3918.2	3892	3969	26.932508238186802	0	0	0
846000	0.0	0.0	0.0	0.0	0.0	0.0	0.0	0.0	3918.2	26.932508238186802	0	0.0	0	0	0.0	0	0.0	0	0	0.0	19591	3918.2	3892	3969	26.932508238186802	0	0	0
849600	0.0	0.0	0.0	0.0	0.0	0.0	0.0	0.0	3918.2	26.932508238186802	0	0.0	0	0	0.0	0	0.0	0	0	0.0	19591	3918.2	3892	3969	26.932508238186802	0	0	0
853200	0.0	0.0	0.0	0.0	0.0	0.0	0.0	0.0	3918.2	26.932508238186802	0	0.0	0	0	0.0	0	0.0	0	0	0.0	19591	3918.2	3892	3969	26.932508238186802	0	0	0
856800	0.0	0.0	0.0	0.0	0.0	0.0	0.0	0.0	3918.2	26.932508238186802	0	0.0	0	0	0.0	0	0.0	0	0	0.0	19591	3918.2	3892	3969	26.932508238186802	0	0	0
860400	0.0	0.0	0.0	0.0	0.0	0.0	0.0	0.0	3918.2	26.932508238186802	0	0.0	0	0	0.0	0	0.0	0	0	0.0	19591	3918.2	3892	3969	26.932508238186802	0	0	0
864000	0.0	0.0	0.0	0.0	0.0	0.0	0.0	0.0	3918.2	26.932508238186802	0	0.0	0	0	0.0	0	0.0	0	0	0.0	19591	3918.2	3892	3969	26.932508238186802	0	0	0
867600	0.0	0.0	0.0	0.0	0.0	0.0	0.0	0.0	3918.2	26.932508238186802	0	0.0	0	0	0.0	0	0.0	0	0	0.0	19591	3918.2	3892	3969	26.932508238186802	0	0	0
871200	0.0	0.0	0.0	0.0	0.0	0.0	0.0	0.0	3918.2	26.932508238186802	0	0.0	0	0	0.0	0	0.0	0	0	0.0	19591	3918.2	3892	3969	26.932508238186802	0	0	0
874800	0.0	0.0	0.0	0.0	0.0	0.0	0.0	0.0	3918.2	26.932508238186802	0	0.0	0	0	0.0	0	0.0	0	0	0.0	19591	3918.2	3892	3969	26.932508238186802	0	0	0
878400	0.0	0.0	0.0	0.0	0.0	0.0	0.0	0.0	3918.2	26.932508238186802	0	0.0	0	0	0.0	0	0.0	0	0	0.0	19591	3918.2	3892	3969	26.932508238186802	0	0	0
882000	0.0	0.0	0.0	0.0	0.0	0.0	0.0	0.0	3918.2	26.932508238186802	0	0.0	0	0	0.0	0	0.0	0	0	0.0	19591	3918.2	3892	3969	26.932508238186802	0	0	0
885600	0.0	0.0	0.0	0.0	0.0	0.0	0.0	0.0	3918.2	26.932508238186802	0	0.0	0	0	0.0	0	0.0	0	0	0.0	19591	3918.2	3892	3969	26.932508238186802	0	0	0
889200	0.0	0.0	0.0	0.0	0.0	0.0	0.0	0.0	3918.2	26.932508238186802	0	0.0	0	0	0.0	0	0.0	0	0	0.0	19591	3918.2	3892	3969	26.932508238186802	0	0	0
892800	0.0	0.0	0.0	0.0	0.0	0.0	0.0	0.0	3918.2	26.932508238186802	0	0.0	0	0	0.0	0	0.0	0	0	0.0	19591	3918.2	3892	3969	26.932508238186802	0	0	0
896400	0.0	0.0	0.0	0.0	0.0	0.0	0.0	0.0	3918.2	26.932508238186802	0	0.0	0	0	0.0	0	0.0	0	0	0.0	19591	3918.2	3892	3969	26.932508238186802	0	0	0
900000	0.0	0.0	0.0	0.0	0.0	0.0	0.0	0.0	3918.2	26.932508238186802	0	0.0	0	0	0.0	0	0.0	0	0	0.0	19591	3918.2	3892	3969	26.932508238186802	0	0	0
903600	0.0	0.0	0.0	0.0	0.0	0.0	0.0	0.0	3918.2	26.932508238186802	0	0.0	0	0	0.0	0	0.0	0	0	0.0	19591	3918.2	3892	3969	26.932508238186802	0	0	0
907200	0.0	0.0	0.0	0.0	0.0	0.0	0.0	0.0	3918.2	26.932508238186802	0	0.0	0	0	0.0	0	0.0	0	0	0.0	19591	3918.2	3892	3969	26.932508238186802	0	0	0
910800	0.0	0.0	0.0	0.0	0.0	0.0	0.0	0.0	3918.2	26.932508238186802	0	0.0	0	0	0.0	0	0.0	0	0	0.0	19591	3918.2	3892	3969	26.932508238186802	0	0	0
914400	0.0	0.0	0.0	0.0	0.0	0.0	0.0	0.0	3918.2	26.932508238186802	0	0.0	0	0	0.0	0	0.0	0	0	0.0	19591	3918.2	3892	3969	26.932508238186802	0	0	0
918000	0.0	0.0	0.0	0.0	0.0	0.0	0.0	0.0	3918.2	26.932508238186802	0	0.0	0	0	0.0	0	0.0	0	0	0.0	19591	3918.2	3892	3969	26.932508238186802	0	0	0
921600	0.0	0.0	0.0	0.0	0.0	0.0	0.0	0.0	3918.2	26.932508238186802	0	0.0	0	0	0.0	0	0.0	0	0	0.0	19591	3918.2	3892	3969	26.932508238186802	0	0	0
925200	0.0	0.0	0.0	0.0	0.0	0.0	0.0	0.0	3918.2	26.932508238186802	0	0.0	0	0	0.0	0	0.0	0	0	0.0	19591	3918.2	3892	3969	26.932508238186802	0	0	0
928800	0.0	0.0	0.0	0.0	0.0	0.0	0.0	0.0	3918.2	26.932508238186802	0	0.0	0	0	0.0	0	0.0	0	0	0.0	19591	3918.2	3892	3969	26.932508238186802	0	0	0
932400	0.0	0.0	0.0	0.0	0.0	0.0	0.0	0.0	3918.2	26.932508238186802	0	0.0	0	0	0.0	0	0.0	0	0	0.0	19591	3918.2	3892	3969	26.932508238186802	0	0	0
936000	0.0	0.0	0.0	0.0	0.0	0.0	0.0	0.0	3918.2	26.932508238186802	0	0.0	0	0	0.0	0	0.0	0	0	0.0	19591	3918.2	3892	3969	26.932508238186802	0	0	0
939600	0.0	0.0	0.0	0.0	0.0	0.0	0.0	0.0	3918.2	26.932508238186802	0	0.0	0	0	0.0	0	0.0	0	0	0.0	19591	3918.2	3892	3969	26.932508238186802	0	0	0
943200	0.0	0.0	0.0	0.0	0.0	0.0	0.0	0.0	3918.2	26.932508238186802	0	0.0	0	0	0.0	0	0.0	0	0	0.0	19591	3918.2	3892	3969	26.932508238186802	0	0	0
946800	0.0	0.0	0.0	0.0	0.0	0.0	0.0	0.0	3918.2	26.932508238186802	0	0.0	0	0	0.0	0	0.0	0	0	0.0	19591	3918.2	3892	3969	26.932508238186802	0	0	0
950400	0.0	0.0	0.0	0.0	0.0	0.0	0.0	0.0	3918.2	26.932508238186802	0	0.0	0	0	0.0	0	0.0	0	0	0.0	19591	3918.2	3892	3969	26.932508238186802	0	0	0
954000	0.0	0.0	0.0	0.0	0.0	0.0	0.0	0.0	3918.2	26.932508238186802	0	0.0	0	0	0.0	0	0.0	0	0	0.0	19591	3918.2	3892	3969	26.932508238186802	0	0	0
957600	0.0	0.0	0.0	0.0	0.0	0.0	0.0	0.0	3918.2	26.932508238186802	0	0.0	0	0	0.0	0	0.0	0	0	0.0	19591	3918.2	3892	3969	26.932508238186802	0	0	0
961200	0.0	0.0	0.0	0.0	0.0	0.0	0.0	0.0	3918.2	26.932508238186802	0	0.0	0	0	0.0	0	0.0	0	0	0.0	19591	3918.2	3892	3969	26.932508238186802	0	0	0
964800	0.0	0.0	0.0	0.0	0.0	0.0	0.0	0.0	3918.2	26.932508238186802	0	0.0	0	0	0.0	0	0.0	0	0	0.0	19591	3918.2	3892	3969	26.932508238186802	0	0	0
968400	0.0	0.0	0.0	0.0	0.0	0.0	0.0	0.0	3918.2	26.932508238186802	0	0.0	0	0	0.0	0	0.0	0	0	0.0	19591	3918.2	3892	3969	26.932508238186802	0	0	0
972000	0.0	0.0	0.0	0.0	0.0	0.0	0.0	0.0	3918.2	26.932508238186802	0	0.0	0	0	0.0	0	0.0	0	0	0.0	19591	3918.2	3892	3969	26.932508238186802	0	0	0
975600	0.0	0.0	0.0	0.0	0.0	0.0	0.0	0.0	3918.2	26.932508238186802	0	0.0	0	0	0.0	0	0.0	0	0	0.0	19591	3918.2	3892	3969	26.932508238186802	0	0	0
979200	0.0	0.0	0.0	0.0	0.0	0.0	0.0	0.0	3918.2	26.932508238186802	0	0.0	0	0	0.0	0	0.0	0	0	0.0	19591	3918.2	3892	3969	26.932508238186802	0	0	0
982800	0.0	0.0	0.0	0.0	0.0	0.0	0.0	0.0	3918.2	26.932508238186802	0	0.0	0	0	0.0	0	0.0	0	0	0.0	19591	3918.2	3892	3969	26.932508238186802	0	0	0
986400	0.0	0.0	0.0	0.0	0.0	0.0	0.0	0.0	3918.2	26.932508238186802	0	0.0	0	0	0.0	0	0.0	0	0	0.0	19591	3918.2	3892	3969	26.932508238186802	0	0	0
990000	0.0	0.0	0.0	0.0	0.0	0.0	0.0	0.0	3918.2	26.932508238186802	0	0.0	0	0	0.0	0	0.0	0	0	0.0	19591	3918.2	3892	3969	26.932508238186802	0	0	0
993600	0.0	0.0	0.0	0.0	0.0	0.0	0.0	0.0	3918.2	26.932508238186802	0	0.0	0	0	0.0	0	0.0	0	0	0.0	19591	3918.2	3892	3969	26.932508238186802	0	0	0
997200	0.0	0.0	0.0	0.0	0.0	0.0	0.0	0.0	3918.2	26.932508238186802	0	0.0	0	0	0.0	0	0.0	0	0	0.0	19591	3918.2	3892	3969	26.932508238186802	0	0	0
1000800	0.0	0.0	0.0	0.0	0.0	0.0	0.0	0.0	3918.2	26.932508238186802	0	0.0	0	0	0.0	0	0.0	0	0	0.0	19591	3918.2	3892	3969	26.932508238186802	0	0	0
1004400	0.0	0.0	0.0	0.0	0.0	0.0	0.0	0.0	3918.2	26.932508238186802	0	0.0	0	0	0.0	0	0.0	0	0	0.0	19591	3918.2	3892	3969	26.932508238186802	0	0	0
1008000	0.0	0.0	0.0	0.0	0.0	0.0	0.0	0.0	3918.2	26.932508238186802	0	0.0	0	0	0.0	0	0.0	0	0	0.0	19591	3918.2	3892	3969	26.932508238186802	0	0	0
1011600	0.0	0.0	0.0	0.0	0.0	0.0	0.0	0.0	3918.2	26.932508238186802	0	0.0	0	0	0.0	0	0.0	0	0	0.0	19591	3918.2	3892	3969	26.932508238186802	0	0	0
1015200	0.0	0.0	0.0	0.0	0.0	0.0	0.0	0.0	3918.2	26.932508238186802	0	0.0	0	0	0.0	0	0.0	0	0	0.0	19591	3918.2	3892	3969	26.932508238186802	0	0	0
1018800	0.0	0.0	0.0	0.0	0.0	0.0	0.0	0.0	3918.2	26.932508238186802	0	0.0	0	0	0.0	0	0.0	0	0	0.0	19591	3918.2	3892	3969	26.932508238186802	0	0	0
1022400	0.0	0.0	0.0	0.0	0.0	0.0	0.0	0.0	3918.2	26.932508238186802	0	0.0	0	0	0.0	0	0.0	0	0	0.0	19591	3918.2	3892	3969	26.932508238186802	0	0	0
1026000	0.0	0.0	0.0	0.0	0.0	0.0	0.0	0.0	3918.2	26.932508238186802	0	0.0	0	0	0.0	0	0.0	0	0	0.0	19591	3918.2	3892	3969	26.932508238186802	0	0	0
1029600	0.0	0.0	0.0	0.0	0.0	0.0	0.0	0.0	3918.2	26.932508238186802	0	0.0	0	0	0.0	0	0.0	0	0	0.0	19591	3918.2	3892	3969	26.932508238186802	0	0	0
1033200	0.0	0.0	0.0	0.0	0.0	0.0	0.0	0.0	3918.2	26.932508238186802	0	0.0	0	0	0.0	0	0.0	0	0	0.0	19591	3918.2	3892	3969	26.932508238186802	0	0	0
1036800	0.0	0.0	0.0	0.0	0.0	0.0	0.0	0.0	3918.2	26.932508238186802	0	0.0	0	0	0.0	0	0.0	0	0	0.0	19591	3918.2	3892	3969	26.932508238186802	0	0	0
1040400	0.0	0.0	0.0	0.0	0.0	0.0	0.0	0.0	3918.2	26.932508238186802	0	0.0	0	0	0.0	0	0.0	0	0	0.0	19591	3918.2	3892	3969	26.932508238186802	0	0	0
1044000	0.0	0.0	0.0	0.0	0.0	0.0	0.0	0.0	3918.2	26.932508238186802	0	0.0	0	0	0.0	0	0.0	0	0	0.0	19591	3918.2	3892	3969	26.932508238186802	0	0	0
1047600	0.0	0.0	0.0	0.0	0.0	0.0	0.0	0.0	3918.2	26.932508238186802	0	0.0	0	0	0.0	0	0.0	0	0	0.0	19591	3918.2	3892	3969	26.932508238186802	0	0	0
1051200	0.0	0.0	0.0	0.0	0.0	0.0	0.0	0.0	3918.2	26.932508238186802	0	0.0	0	0	0.0	0	0.0	0	0	0.0	19591	3918.2	3892	3969	26.932508238186802	0	0	0
1054800	0.0	0.0	0.0	0.0	0.0	0.0	0.0	0.0	3918.2	26.932508238186802	0	0.0	0	0	0.0	0	0.0	0	0	0.0	19591	3918.2	3892	3969	26.932508238186802	0	0	0
1058400	0.0	0.0	0.0	0.0	0.0	0.0	0.0	0.0	3918.2	26.932508238186802	0	0.0	0	0	0.0	0	0.0	0	0	0.0	19591	3918.2	3892	3969	26.932508238186802	0	0	0
1062000	0.0	0.0	0.0	0.0	0.0	0.0	0.0	0.0	3918.2	26.932508238186802	0	0.0	0	0	0.0	0	0.0	0	0	0.0	19591	3918.2	3892	3969	26.932508238186802	0	0	0
1065600	0.0	0.0	0.0	0.0	0.0	0.0	0.0	0.0	3918.2	26.932508238186802	0	0.0	0	0	0.0	0	0.0	0	0	0.0	19591	3918.2	3892	3969	26.932508238186802	0	0	0
1069200	0.0	0.0	0.0	0.0	0.0	0.0	0.0	0.0	3918.2	26.932508238186802	0	0.0	0	0	0.0	0	0.0	0	0	0.0	19591	3918.2	3892	3969	26.932508238186802	0	0	0
1072800	0.0	0.0	0.0	0.0	0.0	0.0	0.0	0.0	3918.2	26.932508238186802	0	0.0	0	0	0.0	0	0.0	0	0	0.0	19591	3918.2	3892	3969	26.932508238186802	0	0	0
1076400	0.0	0.0	0.0	0.0	0.0	0.0	0.0	0.0	3918.2	26.932508238186802	0	0.0	0	0	0.0	0	0.0	0	0	0.0	19591	3918.2	3892	3969	26.932508238186802	0	0	0
1080000	0.0	0.0	0.0	0.0	0.0	0.0	0.0	0.0	3918.2	26.932508238186802	0	0.0	0	0	0.0	0	0.0	0	0	0.0	19591	3918.2	3892	3969	26.932508238186802	0	0	0
1083600	0.0	0.0	0.0	0.0	0.0	0.0	0.0	0.0	3918.2	26.932508238186802	0	0.0	0	0	0.0	0	0.0	0	0	0.0	19591	3918.2	3892	3969	26.932508238186802	0	0	0
1087200	0.0	0.0	0.0	0.0	0.0	0.0	0.0	0.0	3918.2	26.932508238186802	0	0.0	0	0	0.0	0	0.0	0	0	0.0	19591	3918.2	3892	3969	26.932508238186802	0	0	0
1090800	0.0	0.0	0.0	0.0	0.0	0.0	0.0	0.0	3918.2	26.932508238186802	0	0.0	0	0	0.0	0	0.0	0	0	0.0	19591	3918.2	3892	3969	26.932508238186802	0	0	0
1094400	0.0	0.0	0.0	0.0	0.0	0.0	0.0	0.0	3918.2	26.932508238186802	0	0.0	0	0	0.0	0	0.0	0	0	0.0	19591	3918.2	3892	3969	26.932508238186802	0	0	0
1098000	0.0	0.0	0.0	0.0	0.0	0.0	0.0	0.0	3918.2	26.932508238186802	0	0.0	0	0	0.0	0	0.0	0	0	0.0	19591	3918.2	3892	3969	26.932508238186802	0	0	0
1101600	0.0	0.0	0.0	0.0	0.0	0.0	0.0	0.0	3918.2	26.932508238186802	0	0.0	0	0	0.0	0	0.0	0	0	0.0	19591	3918.2	3892	3969	26.932508238186802	0	0	0
1105200	0.0	0.0	0.0	0.0	0.0	0.0	0.0	0.0	3918.2	26.932508238186802	0	0.0	0	0	0.0	0	0.0	0	0	0.0	19591	3918.2	3892	3969	26.932508238186802	0	0	0
1108800	0.0	0.0	0.0	0.0	0.0	0.0	0.0	0.0	3918.2	26.932508238186802	0	0.0	0	0	0.0	0	0.0	0	0	0.0	19591	3918.2	3892	3969	26.932508238186802	0	0	0
1112400	0.0	0.0	0.0	0.0	0.0	0.0	0.0	0.0	3918.2	26.932508238186802	0	0.0	0	0	0.0	0	0.0	0	0	0.0	19591	3918.2	3892	3969	26.932508238186802	0	0	0
1116000	0.0	0.0	0.0	0.0	0.0	0.0	0.0	0.0	3918.2	26.932508238186802	0	0.0	0	0	0.0	0	0.0	0	0	0.0	19591	3918.2	3892	3969	26.932508238186802	0	0	0
1119600	0.0	0.0	0.0	0.0	0.0	0.0	0.0	0.0	3918.2	26.932508238186802	0	0.0	0	0	0.0	0	0.0	0	0	0.0	19591	3918.2	3892	3969	26.932508238186802	0	0	0
1123200	0.0	0.0	0.0	0.0	0.0	0.0	0.0	0.0	3918.2	26.932508238186802	0	0.0	0	0	0.0	0	0.0	0	0	0.0	19591	3918.2	3892	3969	26.932508238186802	0	0	0
1126800	0.0	0.0	0.0	0.0	0.0	0.0	0.0	0.0	3918.2	26.932508238186802	0	0.0	0	0	0.0	0	0.0	0	0	0.0	19591	3918.2	3892	3969	26.932508238186802	0	0	0
1130400	0.0	0.0	0.0	0.0	0.0	0.0	0.0	0.0	3918.2	26.932508238186802	0	0.0	0	0	0.0	0	0.0	0	0	0.0	19591	3918.2	3892	3969	26.932508238186802	0	0	0
1134000	0.0	0.0	0.0	0.0	0.0	0.0	0.0	0.0	3918.2	26.932508238186802	0	0.0	0	0	0.0	0	0.0	0	0	0.0	19591	3918.2	3892	3969	26.932508238186802	0	0	0
1137600	0.0	0.0	0.0	0.0	0.0	0.0	0.0	0.0	3918.2	26.932508238186802	0	0.0	0	0	0.0	0	0.0	0	0	0.0	19591	3918.2	3892	3969	26.932508238186802	0	0	0
1141200	0.0	0.0	0.0	0.0	0.0	0.0	0.0	0.0	3918.2	26.932508238186802	0	0.0	0	0	0.0	0	0.0	0	0	0.0	19591	3918.2	3892	3969	26.932508238186802	0	0	0
1144800	0.0	0.0	0.0	0.0	0.0	0.0	0.0	0.0	3918.2	26.932508238186802	0	0.0	0	0	0.0	0	0.0	0	0	0.0	19591	3918.2	3892	3969	26.932508238186802	0	0	0
1148400	0.0	0.0	0.0	0.0	0.0	0.0	0.0	0.0	3918.2	26.932508238186802	0	0.0	0	0	0.0	0	0.0	0	0	0.0	19591	3918.2	3892	3969	26.932508238186802	0	0	0
1152000	0.0	0.0	0.0	0.0	0.0	0.0	0.0	0.0	3918.2	26.932508238186802	0	0.0	0	0	0.0	0	0.0	0	0	0.0	19591	3918.2	3892	3969	26.932508238186802	0	0	0
1155600	0.0	0.0	0.0	0.0	0.0	0.0	0.0	0.0	3918.2	26.932508238186802	0	0.0	0	0	0.0	0	0.0	0	0	0.0	19591	3918.2	3892	3969	26.932508238186802	0	0	0
1159200	0.0	0.0	0.0	0.0	0.0	0.0	0.0	0.0	3918.2	26.932508238186802	0	0.0	0	0	0.0	0	0.0	0	0	0.0	19591	3918.2	3892	3969	26.932508238186802	0	0	0
1162800	0.0	0.0	0.0	0.0	0.0	0.0	0.0	0.0	3918.2	26.932508238186802	0	0.0	0	0	0.0	0	0.0	0	0	0.0	19591	3918.2	3892	3969	26.932508238186802	0	0	0
1166400	0.0	0.0	0.0	0.0	0.0	0.0	0.0	0.0	3918.2	26.932508238186802	0	0.0	0	0	0.0	0	0.0	0	0	0.0	19591	3918.2	3892	3969	26.932508238186802	0	0	0
1170000	0.0	0.0	0.0	0.0	0.0	0.0	0.0	0.0	3918.2	26.932508238186802	0	0.0	0	0	0.0	0	0.0	0	0	0.0	19591	3918.2	3892	3969	26.932508238186802	0	0	0
1173600	0.0	0.0	0.0	0.0	0.0	0.0	0.0	0.0	3918.2	26.932508238186802	0	0.0	0	0	0.0	0	0.0	0	0	0.0	19591	3918.2	3892	3969	26.932508238186802	0	0	0
1177200	0.0	0.0	0.0	0.0	0.0	0.0	0.0	0.0	3918.2	26.932508238186802	0	0.0	0	0	0.0	0	0.0	0	0	0.0	19591	3918.2	3892	3969	26.932508238186802	0	0	0
1180800	0.0	0.0	0.0	0.0	0.0	0.0	0.0	0.0	3918.2	26.932508238186802	0	0.0	0	0	0.0	0	0.0	0	0	0.0	19591	3918.2	3892	3969	26.932508238186802	0	0	0
1184400	0.0	0.0	0.0	0.0	0.0	0.0	0.0	0.0	3918.2	26.932508238186802	0	0.0	0	0	0.0	0	0.0	0	0	0.0	19591	3918.2	3892	3969	26.932508238186802	0	0	0
1188000	0.0	0.0	0.0	0.0	0.0	0.0	0.0	0.0	3918.2	26.932508238186802	0	0.0	0	0	0.0	0	0.0	0	0	0.0	19591	3918.2	3892	3969	26.932508238186802	0	0	0
1191600	0.0	0.0	0.0	0.0	0.0	0.0	0.0	0.0	3918.2	26.932508238186802	0	0.0	0	0	0.0	0	0.0	0	0	0.0	19591	3918.2	3892	3969	26.932508238186802	0	0	0
1195200	0.0	0.0	0.0	0.0	0.0	0.0	0.0	0.0	3918.2	26.932508238186802	0	0.0	0	0	0.0	0	0.0	0	0	0.0	19591	3918.2	3892	3969	26.932508238186802	0	0	0
1198800	0.0	0.0	0.0	0.0	0.0	0.0	0.0	0.0	3918.2	26.932508238186802	0	0.0	0	0	0.0	0	0.0	0	0	0.0	19591	3918.2	3892	3969	26.932508238186802	0	0	0
1202400	0.0	0.0	0.0	0.0	0.0	0.0	0.0	0.0	3918.2	26.932508238186802	0	0.0	0	0	0.0	0	0.0	0	0	0.0	19591	3918.2	3892	3969	26.932508238186802	0	0	0
1206000	0.0	0.0	0.0	0.0	0.0	0.0	0.0	0.0	3918.2	26.932508238186802	0	0.0	0	0	0.0	0	0.0	0	0	0.0	19591	3918.2	3892	3969	26.932508238186802	0	0	0
