time	gasCreazioneMean(2)	gasCreazioneStd(3)	gasTotalMean(4)	gasTotalStd(5)	creazioneMean(6)	creazioneStd(7)	totKitty(8)	avgKitty(9)	minKitty(10)	maxKitty(11)	stdKitty(12)
0	0.0	0.0	0.0	0.0	0.0	0.0	0	0.0	0	0	0.0
3600	0.0	0.0	0.0	0.0	0.0	0.0	0	0.0	0	0	0.0
7200	0.0	0.0	0.0	0.0	0.0	0.0	0	0.0	0	0	0.0
10800	0.0	0.0	0.0	0.0	0.0	0.0	0	0.0	0	0	0.0
14400	666.6	1333.2	666.6	1333.2	0.2	0.4	1	0.2	0	1	0.4
18000	0.0	0.0	0.0	0.0	0.2	0.4	1	0.2	0	1	0.4
21600	0.0	0.0	0.0	0.0	0.2	0.4	1	0.2	0	1	0.4
25200	666.6	1333.2	666.6	1333.2	0.4	0.8	2	0.4	0	2	0.8
28800	0.0	0.0	0.0	0.0	0.4	0.8	2	0.4	0	2	0.8
32400	666.6	1333.2000000000003	666.6	1333.2000000000003	0.6	0.7999999999999999	3	0.6	0	2	0.7999999999999999
36000	0.0	0.0	0.0	0.0	0.6	0.7999999999999999	3	0.6	0	2	0.7999999999999999
39600	0.0	0.0	0.0	0.0	0.6	0.7999999999999999	3	0.6	0	2	0.7999999999999999
43200	0.0	0.0	0.0	0.0	0.6	0.7999999999999999	3	0.6	0	2	0.7999999999999999
46800	0.0	0.0	0.0	0.0	0.6	0.7999999999999999	3	0.6	0	2	0.7999999999999999
50400	0.0	0.0	0.0	0.0	0.6	0.7999999999999999	3	0.6	0	2	0.7999999999999999
54000	0.0	0.0	0.0	0.0	0.6	0.7999999999999999	3	0.6	0	2	0.7999999999999999
57600	0.0	0.0	0.0	0.0	0.6	0.7999999999999999	3	0.6	0	2	0.7999999999999999
61200	0.0	0.0	0.0	0.0	0.6	0.7999999999999999	3	0.6	0	2	0.7999999999999999
64800	0.0	0.0	0.0	0.0	0.6	0.7999999999999999	3	0.6	0	2	0.7999999999999999
68400	0.0	0.0	0.0	0.0	0.6	0.7999999999999999	3	0.6	0	2	0.7999999999999999
72000	0.0	0.0	0.0	0.0	0.6	0.7999999999999999	3	0.6	0	2	0.7999999999999999
75600	0.0	0.0	0.0	0.0	0.6	0.7999999999999999	3	0.6	0	2	0.7999999999999999
79200	0.0	0.0	0.0	0.0	0.6	0.7999999999999999	3	0.6	0	2	0.7999999999999999
82800	0.0	0.0	0.0	0.0	0.6	0.7999999999999999	3	0.6	0	2	0.7999999999999999
86400	0.0	0.0	0.0	0.0	0.6	0.7999999999999999	3	0.6	0	2	0.7999999999999999
90000	0.0	0.0	0.0	0.0	0.6	0.7999999999999999	3	0.6	0	2	0.7999999999999999
93600	0.0	0.0	0.0	0.0	0.6	0.7999999999999999	3	0.6	0	2	0.7999999999999999
97200	0.0	0.0	0.0	0.0	0.6	0.7999999999999999	3	0.6	0	2	0.7999999999999999
100800	0.0	0.0	0.0	0.0	0.6	0.7999999999999999	3	0.6	0	2	0.7999999999999999
104400	0.0	0.0	0.0	0.0	0.6	0.7999999999999999	3	0.6	0	2	0.7999999999999999
108000	0.0	0.0	0.0	0.0	0.6	0.7999999999999999	3	0.6	0	2	0.7999999999999999
111600	0.0	0.0	0.0	0.0	0.6	0.7999999999999999	3	0.6	0	2	0.7999999999999999
115200	0.0	0.0	0.0	0.0	0.6	0.7999999999999999	3	0.6	0	2	0.7999999999999999
118800	0.0	0.0	0.0	0.0	0.6	0.7999999999999999	3	0.6	0	2	0.7999999999999999
122400	0.0	0.0	0.0	0.0	0.6	0.7999999999999999	3	0.6	0	2	0.7999999999999999
126000	0.0	0.0	0.0	0.0	0.6	0.7999999999999999	3	0.6	0	2	0.7999999999999999
129600	0.0	0.0	0.0	0.0	0.6	0.7999999999999999	3	0.6	0	2	0.7999999999999999
133200	0.0	0.0	0.0	0.0	0.6	0.7999999999999999	3	0.6	0	2	0.7999999999999999
136800	0.0	0.0	0.0	0.0	0.6	0.7999999999999999	3	0.6	0	2	0.7999999999999999
140400	0.0	0.0	0.0	0.0	0.6	0.7999999999999999	3	0.6	0	2	0.7999999999999999
144000	0.0	0.0	0.0	0.0	0.6	0.7999999999999999	3	0.6	0	2	0.7999999999999999
147600	0.0	0.0	0.0	0.0	0.6	0.7999999999999999	3	0.6	0	2	0.7999999999999999
151200	0.0	0.0	0.0	0.0	0.6	0.7999999999999999	3	0.6	0	2	0.7999999999999999
154800	0.0	0.0	0.0	0.0	0.6	0.7999999999999999	3	0.6	0	2	0.7999999999999999
158400	0.0	0.0	0.0	0.0	0.6	0.7999999999999999	3	0.6	0	2	0.7999999999999999
162000	0.0	0.0	0.0	0.0	0.6	0.7999999999999999	3	0.6	0	2	0.7999999999999999
165600	0.0	0.0	0.0	0.0	0.6	0.7999999999999999	3	0.6	0	2	0.7999999999999999
169200	0.0	0.0	0.0	0.0	0.6	0.7999999999999999	3	0.6	0	2	0.7999999999999999
172800	0.0	0.0	0.0	0.0	0.6	0.7999999999999999	3	0.6	0	2	0.7999999999999999
176400	0.0	0.0	0.0	0.0	0.6	0.7999999999999999	3	0.6	0	2	0.7999999999999999
180000	0.0	0.0	0.0	0.0	0.6	0.7999999999999999	3	0.6	0	2	0.7999999999999999
183600	0.0	0.0	0.0	0.0	0.6	0.7999999999999999	3	0.6	0	2	0.7999999999999999
187200	0.0	0.0	0.0	0.0	0.6	0.7999999999999999	3	0.6	0	2	0.7999999999999999
190800	0.0	0.0	0.0	0.0	0.6	0.7999999999999999	3	0.6	0	2	0.7999999999999999
194400	0.0	0.0	0.0	0.0	0.6	0.7999999999999999	3	0.6	0	2	0.7999999999999999
198000	0.0	0.0	0.0	0.0	0.6	0.7999999999999999	3	0.6	0	2	0.7999999999999999
201600	0.0	0.0	0.0	0.0	0.6	0.7999999999999999	3	0.6	0	2	0.7999999999999999
205200	0.0	0.0	0.0	0.0	0.6	0.7999999999999999	3	0.6	0	2	0.7999999999999999
208800	0.0	0.0	0.0	0.0	0.6	0.7999999999999999	3	0.6	0	2	0.7999999999999999
212400	0.0	0.0	0.0	0.0	0.6	0.7999999999999999	3	0.6	0	2	0.7999999999999999
216000	0.0	0.0	0.0	0.0	0.6	0.7999999999999999	3	0.6	0	2	0.7999999999999999
219600	0.0	0.0	0.0	0.0	0.6	0.7999999999999999	3	0.6	0	2	0.7999999999999999
223200	0.0	0.0	0.0	0.0	0.6	0.7999999999999999	3	0.6	0	2	0.7999999999999999
226800	0.0	0.0	0.0	0.0	0.6	0.7999999999999999	3	0.6	0	2	0.7999999999999999
230400	0.0	0.0	0.0	0.0	0.6	0.7999999999999999	3	0.6	0	2	0.7999999999999999
234000	0.0	0.0	0.0	0.0	0.6	0.7999999999999999	3	0.6	0	2	0.7999999999999999
237600	0.0	0.0	0.0	0.0	0.6	0.7999999999999999	3	0.6	0	2	0.7999999999999999
241200	0.0	0.0	0.0	0.0	0.6	0.7999999999999999	3	0.6	0	2	0.7999999999999999
244800	0.0	0.0	0.0	0.0	0.6	0.7999999999999999	3	0.6	0	2	0.7999999999999999
248400	0.0	0.0	0.0	0.0	0.6	0.7999999999999999	3	0.6	0	2	0.7999999999999999
252000	0.0	0.0	0.0	0.0	0.6	0.7999999999999999	3	0.6	0	2	0.7999999999999999
255600	0.0	0.0	0.0	0.0	0.6	0.7999999999999999	3	0.6	0	2	0.7999999999999999
259200	0.0	0.0	0.0	0.0	0.6	0.7999999999999999	3	0.6	0	2	0.7999999999999999
262800	0.0	0.0	0.0	0.0	0.6	0.7999999999999999	3	0.6	0	2	0.7999999999999999
266400	0.0	0.0	0.0	0.0	0.6	0.7999999999999999	3	0.6	0	2	0.7999999999999999
270000	0.0	0.0	0.0	0.0	0.6	0.7999999999999999	3	0.6	0	2	0.7999999999999999
273600	0.0	0.0	0.0	0.0	0.6	0.7999999999999999	3	0.6	0	2	0.7999999999999999
277200	0.0	0.0	0.0	0.0	0.6	0.7999999999999999	3	0.6	0	2	0.7999999999999999
280800	0.0	0.0	0.0	0.0	0.6	0.7999999999999999	3	0.6	0	2	0.7999999999999999
284400	0.0	0.0	0.0	0.0	0.6	0.7999999999999999	3	0.6	0	2	0.7999999999999999
288000	0.0	0.0	0.0	0.0	0.6	0.7999999999999999	3	0.6	0	2	0.7999999999999999
291600	0.0	0.0	0.0	0.0	0.6	0.7999999999999999	3	0.6	0	2	0.7999999999999999
295200	0.0	0.0	0.0	0.0	0.6	0.7999999999999999	3	0.6	0	2	0.7999999999999999
298800	0.0	0.0	0.0	0.0	0.6	0.7999999999999999	3	0.6	0	2	0.7999999999999999
302400	0.0	0.0	0.0	0.0	0.6	0.7999999999999999	3	0.6	0	2	0.7999999999999999
306000	0.0	0.0	0.0	0.0	0.6	0.7999999999999999	3	0.6	0	2	0.7999999999999999
309600	0.0	0.0	0.0	0.0	0.6	0.7999999999999999	3	0.6	0	2	0.7999999999999999
313200	0.0	0.0	0.0	0.0	0.6	0.7999999999999999	3	0.6	0	2	0.7999999999999999
316800	0.0	0.0	0.0	0.0	0.6	0.7999999999999999	3	0.6	0	2	0.7999999999999999
320400	0.0	0.0	0.0	0.0	0.6	0.7999999999999999	3	0.6	0	2	0.7999999999999999
324000	0.0	0.0	0.0	0.0	0.6	0.7999999999999999	3	0.6	0	2	0.7999999999999999
327600	0.0	0.0	0.0	0.0	0.6	0.7999999999999999	3	0.6	0	2	0.7999999999999999
331200	0.0	0.0	0.0	0.0	0.6	0.7999999999999999	3	0.6	0	2	0.7999999999999999
334800	0.0	0.0	0.0	0.0	0.6	0.7999999999999999	3	0.6	0	2	0.7999999999999999
338400	0.0	0.0	0.0	0.0	0.6	0.7999999999999999	3	0.6	0	2	0.7999999999999999
342000	0.0	0.0	0.0	0.0	0.6	0.7999999999999999	3	0.6	0	2	0.7999999999999999
345600	0.0	0.0	0.0	0.0	0.6	0.7999999999999999	3	0.6	0	2	0.7999999999999999
349200	0.0	0.0	0.0	0.0	0.6	0.7999999999999999	3	0.6	0	2	0.7999999999999999
352800	0.0	0.0	0.0	0.0	0.6	0.7999999999999999	3	0.6	0	2	0.7999999999999999
356400	0.0	0.0	0.0	0.0	0.6	0.7999999999999999	3	0.6	0	2	0.7999999999999999
360000	0.0	0.0	0.0	0.0	0.6	0.7999999999999999	3	0.6	0	2	0.7999999999999999
363600	0.0	0.0	0.0	0.0	0.6	0.7999999999999999	3	0.6	0	2	0.7999999999999999
367200	0.0	0.0	0.0	0.0	0.6	0.7999999999999999	3	0.6	0	2	0.7999999999999999
370800	0.0	0.0	0.0	0.0	0.6	0.7999999999999999	3	0.6	0	2	0.7999999999999999
374400	0.0	0.0	0.0	0.0	0.6	0.7999999999999999	3	0.6	0	2	0.7999999999999999
378000	0.0	0.0	0.0	0.0	0.6	0.7999999999999999	3	0.6	0	2	0.7999999999999999
381600	0.0	0.0	0.0	0.0	0.6	0.7999999999999999	3	0.6	0	2	0.7999999999999999
385200	0.0	0.0	0.0	0.0	0.6	0.7999999999999999	3	0.6	0	2	0.7999999999999999
388800	0.0	0.0	0.0	0.0	0.6	0.7999999999999999	3	0.6	0	2	0.7999999999999999
392400	0.0	0.0	0.0	0.0	0.6	0.7999999999999999	3	0.6	0	2	0.7999999999999999
396000	0.0	0.0	0.0	0.0	0.6	0.7999999999999999	3	0.6	0	2	0.7999999999999999
399600	0.0	0.0	0.0	0.0	0.6	0.7999999999999999	3	0.6	0	2	0.7999999999999999
403200	0.0	0.0	0.0	0.0	0.6	0.7999999999999999	3	0.6	0	2	0.7999999999999999
406800	0.0	0.0	0.0	0.0	0.6	0.7999999999999999	3	0.6	0	2	0.7999999999999999
410400	0.0	0.0	0.0	0.0	0.6	0.7999999999999999	3	0.6	0	2	0.7999999999999999
414000	0.0	0.0	0.0	0.0	0.6	0.7999999999999999	3	0.6	0	2	0.7999999999999999
417600	0.0	0.0	0.0	0.0	0.6	0.7999999999999999	3	0.6	0	2	0.7999999999999999
421200	0.0	0.0	0.0	0.0	0.6	0.7999999999999999	3	0.6	0	2	0.7999999999999999
424800	0.0	0.0	0.0	0.0	0.6	0.7999999999999999	3	0.6	0	2	0.7999999999999999
428400	0.0	0.0	0.0	0.0	0.6	0.7999999999999999	3	0.6	0	2	0.7999999999999999
432000	0.0	0.0	0.0	0.0	0.6	0.7999999999999999	3	0.6	0	2	0.7999999999999999
435600	0.0	0.0	0.0	0.0	0.6	0.7999999999999999	3	0.6	0	2	0.7999999999999999
439200	0.0	0.0	0.0	0.0	0.6	0.7999999999999999	3	0.6	0	2	0.7999999999999999
442800	0.0	0.0	0.0	0.0	0.6	0.7999999999999999	3	0.6	0	2	0.7999999999999999
446400	0.0	0.0	0.0	0.0	0.6	0.7999999999999999	3	0.6	0	2	0.7999999999999999
450000	0.0	0.0	0.0	0.0	0.6	0.7999999999999999	3	0.6	0	2	0.7999999999999999
453600	0.0	0.0	0.0	0.0	0.6	0.7999999999999999	3	0.6	0	2	0.7999999999999999
457200	0.0	0.0	0.0	0.0	0.6	0.7999999999999999	3	0.6	0	2	0.7999999999999999
460800	0.0	0.0	0.0	0.0	0.6	0.7999999999999999	3	0.6	0	2	0.7999999999999999
464400	0.0	0.0	0.0	0.0	0.6	0.7999999999999999	3	0.6	0	2	0.7999999999999999
468000	0.0	0.0	0.0	0.0	0.6	0.7999999999999999	3	0.6	0	2	0.7999999999999999
471600	0.0	0.0	0.0	0.0	0.6	0.7999999999999999	3	0.6	0	2	0.7999999999999999
475200	0.0	0.0	0.0	0.0	0.6	0.7999999999999999	3	0.6	0	2	0.7999999999999999
478800	0.0	0.0	0.0	0.0	0.6	0.7999999999999999	3	0.6	0	2	0.7999999999999999
482400	0.0	0.0	0.0	0.0	0.6	0.7999999999999999	3	0.6	0	2	0.7999999999999999
486000	0.0	0.0	0.0	0.0	0.6	0.7999999999999999	3	0.6	0	2	0.7999999999999999
489600	0.0	0.0	0.0	0.0	0.6	0.7999999999999999	3	0.6	0	2	0.7999999999999999
493200	0.0	0.0	0.0	0.0	0.6	0.7999999999999999	3	0.6	0	2	0.7999999999999999
496800	0.0	0.0	0.0	0.0	0.6	0.7999999999999999	3	0.6	0	2	0.7999999999999999
500400	0.0	0.0	0.0	0.0	0.6	0.7999999999999999	3	0.6	0	2	0.7999999999999999
504000	0.0	0.0	0.0	0.0	0.6	0.7999999999999999	3	0.6	0	2	0.7999999999999999
507600	0.0	0.0	0.0	0.0	0.6	0.7999999999999999	3	0.6	0	2	0.7999999999999999
511200	0.0	0.0	0.0	0.0	0.6	0.7999999999999999	3	0.6	0	2	0.7999999999999999
514800	0.0	0.0	0.0	0.0	0.6	0.7999999999999999	3	0.6	0	2	0.7999999999999999
518400	0.0	0.0	0.0	0.0	0.6	0.7999999999999999	3	0.6	0	2	0.7999999999999999
522000	0.0	0.0	0.0	0.0	0.6	0.7999999999999999	3	0.6	0	2	0.7999999999999999
525600	0.0	0.0	0.0	0.0	0.6	0.7999999999999999	3	0.6	0	2	0.7999999999999999
529200	0.0	0.0	0.0	0.0	0.6	0.7999999999999999	3	0.6	0	2	0.7999999999999999
532800	0.0	0.0	0.0	0.0	0.6	0.7999999999999999	3	0.6	0	2	0.7999999999999999
536400	0.0	0.0	0.0	0.0	0.6	0.7999999999999999	3	0.6	0	2	0.7999999999999999
540000	0.0	0.0	0.0	0.0	0.6	0.7999999999999999	3	0.6	0	2	0.7999999999999999
543600	0.0	0.0	0.0	0.0	0.6	0.7999999999999999	3	0.6	0	2	0.7999999999999999
547200	0.0	0.0	0.0	0.0	0.6	0.7999999999999999	3	0.6	0	2	0.7999999999999999
550800	0.0	0.0	0.0	0.0	0.6	0.7999999999999999	3	0.6	0	2	0.7999999999999999
554400	0.0	0.0	0.0	0.0	0.6	0.7999999999999999	3	0.6	0	2	0.7999999999999999
558000	0.0	0.0	0.0	0.0	0.6	0.7999999999999999	3	0.6	0	2	0.7999999999999999
561600	0.0	0.0	0.0	0.0	0.6	0.7999999999999999	3	0.6	0	2	0.7999999999999999
565200	0.0	0.0	0.0	0.0	0.6	0.7999999999999999	3	0.6	0	2	0.7999999999999999
568800	0.0	0.0	0.0	0.0	0.6	0.7999999999999999	3	0.6	0	2	0.7999999999999999
572400	0.0	0.0	0.0	0.0	0.6	0.7999999999999999	3	0.6	0	2	0.7999999999999999
576000	0.0	0.0	0.0	0.0	0.6	0.7999999999999999	3	0.6	0	2	0.7999999999999999
579600	0.0	0.0	0.0	0.0	0.6	0.7999999999999999	3	0.6	0	2	0.7999999999999999
583200	0.0	0.0	0.0	0.0	0.6	0.7999999999999999	3	0.6	0	2	0.7999999999999999
586800	0.0	0.0	0.0	0.0	0.6	0.7999999999999999	3	0.6	0	2	0.7999999999999999
590400	0.0	0.0	0.0	0.0	0.6	0.7999999999999999	3	0.6	0	2	0.7999999999999999
594000	0.0	0.0	0.0	0.0	0.6	0.7999999999999999	3	0.6	0	2	0.7999999999999999
597600	0.0	0.0	0.0	0.0	0.6	0.7999999999999999	3	0.6	0	2	0.7999999999999999
601200	0.0	0.0	0.0	0.0	0.6	0.7999999999999999	3	0.6	0	2	0.7999999999999999
604800	0.0	0.0	0.0	0.0	0.6	0.7999999999999999	3	0.6	0	2	0.7999999999999999
608400	0.0	0.0	0.0	0.0	0.6	0.7999999999999999	3	0.6	0	2	0.7999999999999999
612000	0.0	0.0	0.0	0.0	0.6	0.7999999999999999	3	0.6	0	2	0.7999999999999999
615600	0.0	0.0	0.0	0.0	0.6	0.7999999999999999	3	0.6	0	2	0.7999999999999999
619200	0.0	0.0	0.0	0.0	0.6	0.7999999999999999	3	0.6	0	2	0.7999999999999999
622800	0.0	0.0	0.0	0.0	0.6	0.7999999999999999	3	0.6	0	2	0.7999999999999999
626400	0.0	0.0	0.0	0.0	0.6	0.7999999999999999	3	0.6	0	2	0.7999999999999999
630000	0.0	0.0	0.0	0.0	0.6	0.7999999999999999	3	0.6	0	2	0.7999999999999999
633600	0.0	0.0	0.0	0.0	0.6	0.7999999999999999	3	0.6	0	2	0.7999999999999999
637200	0.0	0.0	0.0	0.0	0.6	0.7999999999999999	3	0.6	0	2	0.7999999999999999
640800	0.0	0.0	0.0	0.0	0.6	0.7999999999999999	3	0.6	0	2	0.7999999999999999
644400	0.0	0.0	0.0	0.0	0.6	0.7999999999999999	3	0.6	0	2	0.7999999999999999
648000	0.0	0.0	0.0	0.0	0.6	0.7999999999999999	3	0.6	0	2	0.7999999999999999
651600	0.0	0.0	0.0	0.0	0.6	0.7999999999999999	3	0.6	0	2	0.7999999999999999
655200	0.0	0.0	0.0	0.0	0.6	0.7999999999999999	3	0.6	0	2	0.7999999999999999
658800	0.0	0.0	0.0	0.0	0.6	0.7999999999999999	3	0.6	0	2	0.7999999999999999
662400	0.0	0.0	0.0	0.0	0.6	0.7999999999999999	3	0.6	0	2	0.7999999999999999
666000	0.0	0.0	0.0	0.0	0.6	0.7999999999999999	3	0.6	0	2	0.7999999999999999
669600	0.0	0.0	0.0	0.0	0.6	0.7999999999999999	3	0.6	0	2	0.7999999999999999
673200	0.0	0.0	0.0	0.0	0.6	0.7999999999999999	3	0.6	0	2	0.7999999999999999
676800	0.0	0.0	0.0	0.0	0.6	0.7999999999999999	3	0.6	0	2	0.7999999999999999
680400	0.0	0.0	0.0	0.0	0.6	0.7999999999999999	3	0.6	0	2	0.7999999999999999
684000	0.0	0.0	0.0	0.0	0.6	0.7999999999999999	3	0.6	0	2	0.7999999999999999
687600	0.0	0.0	0.0	0.0	0.6	0.7999999999999999	3	0.6	0	2	0.7999999999999999
691200	0.0	0.0	0.0	0.0	0.6	0.7999999999999999	3	0.6	0	2	0.7999999999999999
694800	0.0	0.0	0.0	0.0	0.6	0.7999999999999999	3	0.6	0	2	0.7999999999999999
698400	0.0	0.0	0.0	0.0	0.6	0.7999999999999999	3	0.6	0	2	0.7999999999999999
702000	0.0	0.0	0.0	0.0	0.6	0.7999999999999999	3	0.6	0	2	0.7999999999999999
705600	0.0	0.0	0.0	0.0	0.6	0.7999999999999999	3	0.6	0	2	0.7999999999999999
709200	0.0	0.0	0.0	0.0	0.6	0.7999999999999999	3	0.6	0	2	0.7999999999999999
712800	0.0	0.0	0.0	0.0	0.6	0.7999999999999999	3	0.6	0	2	0.7999999999999999
716400	0.0	0.0	0.0	0.0	0.6	0.7999999999999999	3	0.6	0	2	0.7999999999999999
720000	0.0	0.0	0.0	0.0	0.6	0.7999999999999999	3	0.6	0	2	0.7999999999999999
723600	0.0	0.0	0.0	0.0	0.6	0.7999999999999999	3	0.6	0	2	0.7999999999999999
727200	0.0	0.0	0.0	0.0	0.6	0.7999999999999999	3	0.6	0	2	0.7999999999999999
730800	0.0	0.0	0.0	0.0	0.6	0.7999999999999999	3	0.6	0	2	0.7999999999999999
734400	0.0	0.0	0.0	0.0	0.6	0.7999999999999999	3	0.6	0	2	0.7999999999999999
738000	0.0	0.0	0.0	0.0	0.6	0.7999999999999999	3	0.6	0	2	0.7999999999999999
741600	0.0	0.0	0.0	0.0	0.6	0.7999999999999999	3	0.6	0	2	0.7999999999999999
745200	0.0	0.0	0.0	0.0	0.6	0.7999999999999999	3	0.6	0	2	0.7999999999999999
748800	0.0	0.0	0.0	0.0	0.6	0.7999999999999999	3	0.6	0	2	0.7999999999999999
752400	0.0	0.0	0.0	0.0	0.6	0.7999999999999999	3	0.6	0	2	0.7999999999999999
756000	0.0	0.0	0.0	0.0	0.6	0.7999999999999999	3	0.6	0	2	0.7999999999999999
759600	0.0	0.0	0.0	0.0	0.6	0.7999999999999999	3	0.6	0	2	0.7999999999999999
763200	0.0	0.0	0.0	0.0	0.6	0.7999999999999999	3	0.6	0	2	0.7999999999999999
766800	0.0	0.0	0.0	0.0	0.6	0.7999999999999999	3	0.6	0	2	0.7999999999999999
770400	0.0	0.0	0.0	0.0	0.6	0.7999999999999999	3	0.6	0	2	0.7999999999999999
774000	0.0	0.0	0.0	0.0	0.6	0.7999999999999999	3	0.6	0	2	0.7999999999999999
777600	0.0	0.0	0.0	0.0	0.6	0.7999999999999999	3	0.6	0	2	0.7999999999999999
781200	0.0	0.0	0.0	0.0	0.6	0.7999999999999999	3	0.6	0	2	0.7999999999999999
784800	0.0	0.0	0.0	0.0	0.6	0.7999999999999999	3	0.6	0	2	0.7999999999999999
788400	0.0	0.0	0.0	0.0	0.6	0.7999999999999999	3	0.6	0	2	0.7999999999999999
792000	0.0	0.0	0.0	0.0	0.6	0.7999999999999999	3	0.6	0	2	0.7999999999999999
795600	0.0	0.0	0.0	0.0	0.6	0.7999999999999999	3	0.6	0	2	0.7999999999999999
799200	0.0	0.0	0.0	0.0	0.6	0.7999999999999999	3	0.6	0	2	0.7999999999999999
802800	0.0	0.0	0.0	0.0	0.6	0.7999999999999999	3	0.6	0	2	0.7999999999999999
806400	0.0	0.0	0.0	0.0	0.6	0.7999999999999999	3	0.6	0	2	0.7999999999999999
810000	0.0	0.0	0.0	0.0	0.6	0.7999999999999999	3	0.6	0	2	0.7999999999999999
813600	0.0	0.0	0.0	0.0	0.6	0.7999999999999999	3	0.6	0	2	0.7999999999999999
817200	0.0	0.0	0.0	0.0	0.6	0.7999999999999999	3	0.6	0	2	0.7999999999999999
820800	0.0	0.0	0.0	0.0	0.6	0.7999999999999999	3	0.6	0	2	0.7999999999999999
824400	0.0	0.0	0.0	0.0	0.6	0.7999999999999999	3	0.6	0	2	0.7999999999999999
828000	0.0	0.0	0.0	0.0	0.6	0.7999999999999999	3	0.6	0	2	0.7999999999999999
831600	0.0	0.0	0.0	0.0	0.6	0.7999999999999999	3	0.6	0	2	0.7999999999999999
835200	0.0	0.0	0.0	0.0	0.6	0.7999999999999999	3	0.6	0	2	0.7999999999999999
838800	0.0	0.0	0.0	0.0	0.6	0.7999999999999999	3	0.6	0	2	0.7999999999999999
842400	0.0	0.0	0.0	0.0	0.6	0.7999999999999999	3	0.6	0	2	0.7999999999999999
846000	0.0	0.0	0.0	0.0	0.6	0.7999999999999999	3	0.6	0	2	0.7999999999999999
849600	0.0	0.0	0.0	0.0	0.6	0.7999999999999999	3	0.6	0	2	0.7999999999999999
853200	0.0	0.0	0.0	0.0	0.6	0.7999999999999999	3	0.6	0	2	0.7999999999999999
856800	0.0	0.0	0.0	0.0	0.6	0.7999999999999999	3	0.6	0	2	0.7999999999999999
860400	0.0	0.0	0.0	0.0	0.6	0.7999999999999999	3	0.6	0	2	0.7999999999999999
864000	0.0	0.0	0.0	0.0	0.6	0.7999999999999999	3	0.6	0	2	0.7999999999999999
867600	0.0	0.0	0.0	0.0	0.6	0.7999999999999999	3	0.6	0	2	0.7999999999999999
871200	0.0	0.0	0.0	0.0	0.6	0.7999999999999999	3	0.6	0	2	0.7999999999999999
874800	0.0	0.0	0.0	0.0	0.6	0.7999999999999999	3	0.6	0	2	0.7999999999999999
878400	0.0	0.0	0.0	0.0	0.6	0.7999999999999999	3	0.6	0	2	0.7999999999999999
882000	0.0	0.0	0.0	0.0	0.6	0.7999999999999999	3	0.6	0	2	0.7999999999999999
885600	0.0	0.0	0.0	0.0	0.6	0.7999999999999999	3	0.6	0	2	0.7999999999999999
889200	0.0	0.0	0.0	0.0	0.6	0.7999999999999999	3	0.6	0	2	0.7999999999999999
892800	0.0	0.0	0.0	0.0	0.6	0.7999999999999999	3	0.6	0	2	0.7999999999999999
896400	0.0	0.0	0.0	0.0	0.6	0.7999999999999999	3	0.6	0	2	0.7999999999999999
900000	0.0	0.0	0.0	0.0	0.6	0.7999999999999999	3	0.6	0	2	0.7999999999999999
903600	0.0	0.0	0.0	0.0	0.6	0.7999999999999999	3	0.6	0	2	0.7999999999999999
907200	0.0	0.0	0.0	0.0	0.6	0.7999999999999999	3	0.6	0	2	0.7999999999999999
910800	0.0	0.0	0.0	0.0	0.6	0.7999999999999999	3	0.6	0	2	0.7999999999999999
914400	0.0	0.0	0.0	0.0	0.6	0.7999999999999999	3	0.6	0	2	0.7999999999999999
918000	0.0	0.0	0.0	0.0	0.6	0.7999999999999999	3	0.6	0	2	0.7999999999999999
921600	0.0	0.0	0.0	0.0	0.6	0.7999999999999999	3	0.6	0	2	0.7999999999999999
925200	0.0	0.0	0.0	0.0	0.6	0.7999999999999999	3	0.6	0	2	0.7999999999999999
928800	0.0	0.0	0.0	0.0	0.6	0.7999999999999999	3	0.6	0	2	0.7999999999999999
932400	0.0	0.0	0.0	0.0	0.6	0.7999999999999999	3	0.6	0	2	0.7999999999999999
936000	0.0	0.0	0.0	0.0	0.6	0.7999999999999999	3	0.6	0	2	0.7999999999999999
939600	0.0	0.0	0.0	0.0	0.6	0.7999999999999999	3	0.6	0	2	0.7999999999999999
943200	0.0	0.0	0.0	0.0	0.6	0.7999999999999999	3	0.6	0	2	0.7999999999999999
946800	0.0	0.0	0.0	0.0	0.6	0.7999999999999999	3	0.6	0	2	0.7999999999999999
950400	0.0	0.0	0.0	0.0	0.6	0.7999999999999999	3	0.6	0	2	0.7999999999999999
954000	0.0	0.0	0.0	0.0	0.6	0.7999999999999999	3	0.6	0	2	0.7999999999999999
957600	0.0	0.0	0.0	0.0	0.6	0.7999999999999999	3	0.6	0	2	0.7999999999999999
961200	0.0	0.0	0.0	0.0	0.6	0.7999999999999999	3	0.6	0	2	0.7999999999999999
964800	0.0	0.0	0.0	0.0	0.6	0.7999999999999999	3	0.6	0	2	0.7999999999999999
968400	0.0	0.0	0.0	0.0	0.6	0.7999999999999999	3	0.6	0	2	0.7999999999999999
972000	0.0	0.0	0.0	0.0	0.6	0.7999999999999999	3	0.6	0	2	0.7999999999999999
975600	0.0	0.0	0.0	0.0	0.6	0.7999999999999999	3	0.6	0	2	0.7999999999999999
979200	0.0	0.0	0.0	0.0	0.6	0.7999999999999999	3	0.6	0	2	0.7999999999999999
982800	0.0	0.0	0.0	0.0	0.6	0.7999999999999999	3	0.6	0	2	0.7999999999999999
986400	0.0	0.0	0.0	0.0	0.6	0.7999999999999999	3	0.6	0	2	0.7999999999999999
990000	0.0	0.0	0.0	0.0	0.6	0.7999999999999999	3	0.6	0	2	0.7999999999999999
993600	0.0	0.0	0.0	0.0	0.6	0.7999999999999999	3	0.6	0	2	0.7999999999999999
997200	0.0	0.0	0.0	0.0	0.6	0.7999999999999999	3	0.6	0	2	0.7999999999999999
1000800	0.0	0.0	0.0	0.0	0.6	0.7999999999999999	3	0.6	0	2	0.7999999999999999
1004400	0.0	0.0	0.0	0.0	0.6	0.7999999999999999	3	0.6	0	2	0.7999999999999999
1008000	0.0	0.0	0.0	0.0	0.6	0.7999999999999999	3	0.6	0	2	0.7999999999999999
1011600	0.0	0.0	0.0	0.0	0.6	0.7999999999999999	3	0.6	0	2	0.7999999999999999
1015200	0.0	0.0	0.0	0.0	0.6	0.7999999999999999	3	0.6	0	2	0.7999999999999999
1018800	0.0	0.0	0.0	0.0	0.6	0.7999999999999999	3	0.6	0	2	0.7999999999999999
1022400	0.0	0.0	0.0	0.0	0.6	0.7999999999999999	3	0.6	0	2	0.7999999999999999
1026000	0.0	0.0	0.0	0.0	0.6	0.7999999999999999	3	0.6	0	2	0.7999999999999999
1029600	0.0	0.0	0.0	0.0	0.6	0.7999999999999999	3	0.6	0	2	0.7999999999999999
1033200	0.0	0.0	0.0	0.0	0.6	0.7999999999999999	3	0.6	0	2	0.7999999999999999
1036800	0.0	0.0	0.0	0.0	0.6	0.7999999999999999	3	0.6	0	2	0.7999999999999999
1040400	0.0	0.0	0.0	0.0	0.6	0.7999999999999999	3	0.6	0	2	0.7999999999999999
1044000	0.0	0.0	0.0	0.0	0.6	0.7999999999999999	3	0.6	0	2	0.7999999999999999
1047600	0.0	0.0	0.0	0.0	0.6	0.7999999999999999	3	0.6	0	2	0.7999999999999999
1051200	0.0	0.0	0.0	0.0	0.6	0.7999999999999999	3	0.6	0	2	0.7999999999999999
1054800	0.0	0.0	0.0	0.0	0.6	0.7999999999999999	3	0.6	0	2	0.7999999999999999
1058400	0.0	0.0	0.0	0.0	0.6	0.7999999999999999	3	0.6	0	2	0.7999999999999999
1062000	0.0	0.0	0.0	0.0	0.6	0.7999999999999999	3	0.6	0	2	0.7999999999999999
1065600	0.0	0.0	0.0	0.0	0.6	0.7999999999999999	3	0.6	0	2	0.7999999999999999
1069200	0.0	0.0	0.0	0.0	0.6	0.7999999999999999	3	0.6	0	2	0.7999999999999999
1072800	0.0	0.0	0.0	0.0	0.6	0.7999999999999999	3	0.6	0	2	0.7999999999999999
1076400	0.0	0.0	0.0	0.0	0.6	0.7999999999999999	3	0.6	0	2	0.7999999999999999
1080000	0.0	0.0	0.0	0.0	0.6	0.7999999999999999	3	0.6	0	2	0.7999999999999999
1083600	0.0	0.0	0.0	0.0	0.6	0.7999999999999999	3	0.6	0	2	0.7999999999999999
1087200	0.0	0.0	0.0	0.0	0.6	0.7999999999999999	3	0.6	0	2	0.7999999999999999
1090800	0.0	0.0	0.0	0.0	0.6	0.7999999999999999	3	0.6	0	2	0.7999999999999999
1094400	0.0	0.0	0.0	0.0	0.6	0.7999999999999999	3	0.6	0	2	0.7999999999999999
1098000	0.0	0.0	0.0	0.0	0.6	0.7999999999999999	3	0.6	0	2	0.7999999999999999
1101600	0.0	0.0	0.0	0.0	0.6	0.7999999999999999	3	0.6	0	2	0.7999999999999999
1105200	0.0	0.0	0.0	0.0	0.6	0.7999999999999999	3	0.6	0	2	0.7999999999999999
1108800	0.0	0.0	0.0	0.0	0.6	0.7999999999999999	3	0.6	0	2	0.7999999999999999
1112400	0.0	0.0	0.0	0.0	0.6	0.7999999999999999	3	0.6	0	2	0.7999999999999999
1116000	0.0	0.0	0.0	0.0	0.6	0.7999999999999999	3	0.6	0	2	0.7999999999999999
1119600	0.0	0.0	0.0	0.0	0.6	0.7999999999999999	3	0.6	0	2	0.7999999999999999
1123200	0.0	0.0	0.0	0.0	0.6	0.7999999999999999	3	0.6	0	2	0.7999999999999999
1126800	0.0	0.0	0.0	0.0	0.6	0.7999999999999999	3	0.6	0	2	0.7999999999999999
1130400	0.0	0.0	0.0	0.0	0.6	0.7999999999999999	3	0.6	0	2	0.7999999999999999
1134000	0.0	0.0	0.0	0.0	0.6	0.7999999999999999	3	0.6	0	2	0.7999999999999999
1137600	0.0	0.0	0.0	0.0	0.6	0.7999999999999999	3	0.6	0	2	0.7999999999999999
1141200	0.0	0.0	0.0	0.0	0.6	0.7999999999999999	3	0.6	0	2	0.7999999999999999
1144800	0.0	0.0	0.0	0.0	0.6	0.7999999999999999	3	0.6	0	2	0.7999999999999999
1148400	0.0	0.0	0.0	0.0	0.6	0.7999999999999999	3	0.6	0	2	0.7999999999999999
1152000	0.0	0.0	0.0	0.0	0.6	0.7999999999999999	3	0.6	0	2	0.7999999999999999
1155600	0.0	0.0	0.0	0.0	0.6	0.7999999999999999	3	0.6	0	2	0.7999999999999999
1159200	0.0	0.0	0.0	0.0	0.6	0.7999999999999999	3	0.6	0	2	0.7999999999999999
1162800	0.0	0.0	0.0	0.0	0.6	0.7999999999999999	3	0.6	0	2	0.7999999999999999
1166400	0.0	0.0	0.0	0.0	0.6	0.7999999999999999	3	0.6	0	2	0.7999999999999999
1170000	0.0	0.0	0.0	0.0	0.6	0.7999999999999999	3	0.6	0	2	0.7999999999999999
1173600	0.0	0.0	0.0	0.0	0.6	0.7999999999999999	3	0.6	0	2	0.7999999999999999
1177200	0.0	0.0	0.0	0.0	0.6	0.7999999999999999	3	0.6	0	2	0.7999999999999999
1180800	0.0	0.0	0.0	0.0	0.6	0.7999999999999999	3	0.6	0	2	0.7999999999999999
1184400	0.0	0.0	0.0	0.0	0.6	0.7999999999999999	3	0.6	0	2	0.7999999999999999
1188000	0.0	0.0	0.0	0.0	0.6	0.7999999999999999	3	0.6	0	2	0.7999999999999999
1191600	0.0	0.0	0.0	0.0	0.6	0.7999999999999999	3	0.6	0	2	0.7999999999999999
1195200	0.0	0.0	0.0	0.0	0.6	0.7999999999999999	3	0.6	0	2	0.7999999999999999
1198800	0.0	0.0	0.0	0.0	0.6	0.7999999999999999	3	0.6	0	2	0.7999999999999999
1202400	0.0	0.0	0.0	0.0	0.6	0.7999999999999999	3	0.6	0	2	0.7999999999999999
1206000	0.0	0.0	0.0	0.0	0.6	0.7999999999999999	3	0.6	0	2	0.7999999999999999
1209600	0.0	0.0	0.0	0.0	0.6	0.7999999999999999	3	0.6	0	2	0.7999999999999999
1213200	0.0	0.0	0.0	0.0	0.6	0.7999999999999999	3	0.6	0	2	0.7999999999999999
1216800	0.0	0.0	0.0	0.0	0.6	0.7999999999999999	3	0.6	0	2	0.7999999999999999
1220400	0.0	0.0	0.0	0.0	0.6	0.7999999999999999	3	0.6	0	2	0.7999999999999999
1224000	0.0	0.0	0.0	0.0	0.6	0.7999999999999999	3	0.6	0	2	0.7999999999999999
1227600	0.0	0.0	0.0	0.0	0.6	0.7999999999999999	3	0.6	0	2	0.7999999999999999
1231200	0.0	0.0	0.0	0.0	0.6	0.7999999999999999	3	0.6	0	2	0.7999999999999999
1234800	0.0	0.0	0.0	0.0	0.6	0.7999999999999999	3	0.6	0	2	0.7999999999999999
1238400	0.0	0.0	0.0	0.0	0.6	0.7999999999999999	3	0.6	0	2	0.7999999999999999
1242000	0.0	0.0	0.0	0.0	0.6	0.7999999999999999	3	0.6	0	2	0.7999999999999999
1245600	0.0	0.0	0.0	0.0	0.6	0.7999999999999999	3	0.6	0	2	0.7999999999999999
1249200	0.0	0.0	0.0	0.0	0.6	0.7999999999999999	3	0.6	0	2	0.7999999999999999
1252800	0.0	0.0	0.0	0.0	0.6	0.7999999999999999	3	0.6	0	2	0.7999999999999999
1256400	0.0	0.0	0.0	0.0	0.6	0.7999999999999999	3	0.6	0	2	0.7999999999999999
1260000	0.0	0.0	0.0	0.0	0.6	0.7999999999999999	3	0.6	0	2	0.7999999999999999
1263600	0.0	0.0	0.0	0.0	0.6	0.7999999999999999	3	0.6	0	2	0.7999999999999999
1267200	0.0	0.0	0.0	0.0	0.6	0.7999999999999999	3	0.6	0	2	0.7999999999999999
1270800	0.0	0.0	0.0	0.0	0.6	0.7999999999999999	3	0.6	0	2	0.7999999999999999
1274400	0.0	0.0	0.0	0.0	0.6	0.7999999999999999	3	0.6	0	2	0.7999999999999999
1278000	0.0	0.0	0.0	0.0	0.6	0.7999999999999999	3	0.6	0	2	0.7999999999999999
1281600	0.0	0.0	0.0	0.0	0.6	0.7999999999999999	3	0.6	0	2	0.7999999999999999
1285200	0.0	0.0	0.0	0.0	0.6	0.7999999999999999	3	0.6	0	2	0.7999999999999999
1288800	0.0	0.0	0.0	0.0	0.6	0.7999999999999999	3	0.6	0	2	0.7999999999999999
1292400	0.0	0.0	0.0	0.0	0.6	0.7999999999999999	3	0.6	0	2	0.7999999999999999
1296000	0.0	0.0	0.0	0.0	0.6	0.7999999999999999	3	0.6	0	2	0.7999999999999999
1299600	0.0	0.0	0.0	0.0	0.6	0.7999999999999999	3	0.6	0	2	0.7999999999999999
1303200	0.0	0.0	0.0	0.0	0.6	0.7999999999999999	3	0.6	0	2	0.7999999999999999
1306800	0.0	0.0	0.0	0.0	0.6	0.7999999999999999	3	0.6	0	2	0.7999999999999999
1310400	0.0	0.0	0.0	0.0	0.6	0.7999999999999999	3	0.6	0	2	0.7999999999999999
1314000	0.0	0.0	0.0	0.0	0.6	0.7999999999999999	3	0.6	0	2	0.7999999999999999
1317600	0.0	0.0	0.0	0.0	0.6	0.7999999999999999	3	0.6	0	2	0.7999999999999999
1321200	0.0	0.0	0.0	0.0	0.6	0.7999999999999999	3	0.6	0	2	0.7999999999999999
1324800	0.0	0.0	0.0	0.0	0.6	0.7999999999999999	3	0.6	0	2	0.7999999999999999
1328400	0.0	0.0	0.0	0.0	0.6	0.7999999999999999	3	0.6	0	2	0.7999999999999999
1332000	0.0	0.0	0.0	0.0	0.6	0.7999999999999999	3	0.6	0	2	0.7999999999999999
1335600	0.0	0.0	0.0	0.0	0.6	0.7999999999999999	3	0.6	0	2	0.7999999999999999
1339200	0.0	0.0	0.0	0.0	0.6	0.7999999999999999	3	0.6	0	2	0.7999999999999999
1342800	0.0	0.0	0.0	0.0	0.6	0.7999999999999999	3	0.6	0	2	0.7999999999999999
1346400	0.0	0.0	0.0	0.0	0.6	0.7999999999999999	3	0.6	0	2	0.7999999999999999
1350000	0.0	0.0	0.0	0.0	0.6	0.7999999999999999	3	0.6	0	2	0.7999999999999999
1353600	0.0	0.0	0.0	0.0	0.6	0.7999999999999999	3	0.6	0	2	0.7999999999999999
1357200	0.0	0.0	0.0	0.0	0.6	0.7999999999999999	3	0.6	0	2	0.7999999999999999
1360800	0.0	0.0	0.0	0.0	0.6	0.7999999999999999	3	0.6	0	2	0.7999999999999999
1364400	0.0	0.0	0.0	0.0	0.6	0.7999999999999999	3	0.6	0	2	0.7999999999999999
1368000	0.0	0.0	0.0	0.0	0.6	0.7999999999999999	3	0.6	0	2	0.7999999999999999
1371600	0.0	0.0	0.0	0.0	0.6	0.7999999999999999	3	0.6	0	2	0.7999999999999999
1375200	0.0	0.0	0.0	0.0	0.6	0.7999999999999999	3	0.6	0	2	0.7999999999999999
1378800	0.0	0.0	0.0	0.0	0.6	0.7999999999999999	3	0.6	0	2	0.7999999999999999
1382400	0.0	0.0	0.0	0.0	0.6	0.7999999999999999	3	0.6	0	2	0.7999999999999999
1386000	0.0	0.0	0.0	0.0	0.6	0.7999999999999999	3	0.6	0	2	0.7999999999999999
1389600	0.0	0.0	0.0	0.0	0.6	0.7999999999999999	3	0.6	0	2	0.7999999999999999
1393200	0.0	0.0	0.0	0.0	0.6	0.7999999999999999	3	0.6	0	2	0.7999999999999999
1396800	0.0	0.0	0.0	0.0	0.6	0.7999999999999999	3	0.6	0	2	0.7999999999999999
1400400	0.0	0.0	0.0	0.0	0.6	0.7999999999999999	3	0.6	0	2	0.7999999999999999
1404000	0.0	0.0	0.0	0.0	0.6	0.7999999999999999	3	0.6	0	2	0.7999999999999999
1407600	0.0	0.0	0.0	0.0	0.6	0.7999999999999999	3	0.6	0	2	0.7999999999999999
1411200	0.0	0.0	0.0	0.0	0.6	0.7999999999999999	3	0.6	0	2	0.7999999999999999
1414800	0.0	0.0	0.0	0.0	0.6	0.7999999999999999	3	0.6	0	2	0.7999999999999999
1418400	0.0	0.0	0.0	0.0	0.6	0.7999999999999999	3	0.6	0	2	0.7999999999999999
1422000	0.0	0.0	0.0	0.0	0.6	0.7999999999999999	3	0.6	0	2	0.7999999999999999
1425600	0.0	0.0	0.0	0.0	0.6	0.7999999999999999	3	0.6	0	2	0.7999999999999999
1429200	0.0	0.0	0.0	0.0	0.6	0.7999999999999999	3	0.6	0	2	0.7999999999999999
1432800	0.0	0.0	0.0	0.0	0.6	0.7999999999999999	3	0.6	0	2	0.7999999999999999
1436400	0.0	0.0	0.0	0.0	0.6	0.7999999999999999	3	0.6	0	2	0.7999999999999999
1440000	0.0	0.0	0.0	0.0	0.6	0.7999999999999999	3	0.6	0	2	0.7999999999999999
1443600	0.0	0.0	0.0	0.0	0.6	0.7999999999999999	3	0.6	0	2	0.7999999999999999
1447200	0.0	0.0	0.0	0.0	0.6	0.7999999999999999	3	0.6	0	2	0.7999999999999999
1450800	0.0	0.0	0.0	0.0	0.6	0.7999999999999999	3	0.6	0	2	0.7999999999999999
1454400	0.0	0.0	0.0	0.0	0.6	0.7999999999999999	3	0.6	0	2	0.7999999999999999
1458000	0.0	0.0	0.0	0.0	0.6	0.7999999999999999	3	0.6	0	2	0.7999999999999999
1461600	0.0	0.0	0.0	0.0	0.6	0.7999999999999999	3	0.6	0	2	0.7999999999999999
1465200	0.0	0.0	0.0	0.0	0.6	0.7999999999999999	3	0.6	0	2	0.7999999999999999
1468800	0.0	0.0	0.0	0.0	0.6	0.7999999999999999	3	0.6	0	2	0.7999999999999999
1472400	0.0	0.0	0.0	0.0	0.6	0.7999999999999999	3	0.6	0	2	0.7999999999999999
1476000	0.0	0.0	0.0	0.0	0.6	0.7999999999999999	3	0.6	0	2	0.7999999999999999
1479600	0.0	0.0	0.0	0.0	0.6	0.7999999999999999	3	0.6	0	2	0.7999999999999999
1483200	0.0	0.0	0.0	0.0	0.6	0.7999999999999999	3	0.6	0	2	0.7999999999999999
1486800	0.0	0.0	0.0	0.0	0.6	0.7999999999999999	3	0.6	0	2	0.7999999999999999
1490400	0.0	0.0	0.0	0.0	0.6	0.7999999999999999	3	0.6	0	2	0.7999999999999999
1494000	0.0	0.0	0.0	0.0	0.6	0.7999999999999999	3	0.6	0	2	0.7999999999999999
1497600	0.0	0.0	0.0	0.0	0.6	0.7999999999999999	3	0.6	0	2	0.7999999999999999
1501200	0.0	0.0	0.0	0.0	0.6	0.7999999999999999	3	0.6	0	2	0.7999999999999999
1504800	0.0	0.0	0.0	0.0	0.6	0.7999999999999999	3	0.6	0	2	0.7999999999999999
1508400	0.0	0.0	0.0	0.0	0.6	0.7999999999999999	3	0.6	0	2	0.7999999999999999
1512000	0.0	0.0	0.0	0.0	0.6	0.7999999999999999	3	0.6	0	2	0.7999999999999999
1515600	0.0	0.0	0.0	0.0	0.6	0.7999999999999999	3	0.6	0	2	0.7999999999999999
1519200	0.0	0.0	0.0	0.0	0.6	0.7999999999999999	3	0.6	0	2	0.7999999999999999
1522800	0.0	0.0	0.0	0.0	0.6	0.7999999999999999	3	0.6	0	2	0.7999999999999999
1526400	0.0	0.0	0.0	0.0	0.6	0.7999999999999999	3	0.6	0	2	0.7999999999999999
1530000	0.0	0.0	0.0	0.0	0.6	0.7999999999999999	3	0.6	0	2	0.7999999999999999
1533600	0.0	0.0	0.0	0.0	0.6	0.7999999999999999	3	0.6	0	2	0.7999999999999999
1537200	0.0	0.0	0.0	0.0	0.6	0.7999999999999999	3	0.6	0	2	0.7999999999999999
1540800	0.0	0.0	0.0	0.0	0.6	0.7999999999999999	3	0.6	0	2	0.7999999999999999
1544400	0.0	0.0	0.0	0.0	0.6	0.7999999999999999	3	0.6	0	2	0.7999999999999999
1548000	0.0	0.0	0.0	0.0	0.6	0.7999999999999999	3	0.6	0	2	0.7999999999999999
1551600	0.0	0.0	0.0	0.0	0.6	0.7999999999999999	3	0.6	0	2	0.7999999999999999
1555200	0.0	0.0	0.0	0.0	0.6	0.7999999999999999	3	0.6	0	2	0.7999999999999999
1558800	0.0	0.0	0.0	0.0	0.6	0.7999999999999999	3	0.6	0	2	0.7999999999999999
1562400	0.0	0.0	0.0	0.0	0.6	0.7999999999999999	3	0.6	0	2	0.7999999999999999
1566000	0.0	0.0	0.0	0.0	0.6	0.7999999999999999	3	0.6	0	2	0.7999999999999999
1569600	0.0	0.0	0.0	0.0	0.6	0.7999999999999999	3	0.6	0	2	0.7999999999999999
1573200	0.0	0.0	0.0	0.0	0.6	0.7999999999999999	3	0.6	0	2	0.7999999999999999
1576800	0.0	0.0	0.0	0.0	0.6	0.7999999999999999	3	0.6	0	2	0.7999999999999999
1580400	0.0	0.0	0.0	0.0	0.6	0.7999999999999999	3	0.6	0	2	0.7999999999999999
1584000	0.0	0.0	0.0	0.0	0.6	0.7999999999999999	3	0.6	0	2	0.7999999999999999
1587600	0.0	0.0	0.0	0.0	0.6	0.7999999999999999	3	0.6	0	2	0.7999999999999999
1591200	0.0	0.0	0.0	0.0	0.6	0.7999999999999999	3	0.6	0	2	0.7999999999999999
1594800	0.0	0.0	0.0	0.0	0.6	0.7999999999999999	3	0.6	0	2	0.7999999999999999
1598400	0.0	0.0	0.0	0.0	0.6	0.7999999999999999	3	0.6	0	2	0.7999999999999999
1602000	0.0	0.0	0.0	0.0	0.6	0.7999999999999999	3	0.6	0	2	0.7999999999999999
1605600	0.0	0.0	0.0	0.0	0.6	0.7999999999999999	3	0.6	0	2	0.7999999999999999
1609200	0.0	0.0	0.0	0.0	0.6	0.7999999999999999	3	0.6	0	2	0.7999999999999999
1612800	0.0	0.0	0.0	0.0	0.6	0.7999999999999999	3	0.6	0	2	0.7999999999999999
1616400	0.0	0.0	0.0	0.0	0.6	0.7999999999999999	3	0.6	0	2	0.7999999999999999
1620000	0.0	0.0	0.0	0.0	0.6	0.7999999999999999	3	0.6	0	2	0.7999999999999999
1623600	0.0	0.0	0.0	0.0	0.6	0.7999999999999999	3	0.6	0	2	0.7999999999999999
1627200	0.0	0.0	0.0	0.0	0.6	0.7999999999999999	3	0.6	0	2	0.7999999999999999
1630800	0.0	0.0	0.0	0.0	0.6	0.7999999999999999	3	0.6	0	2	0.7999999999999999
1634400	0.0	0.0	0.0	0.0	0.6	0.7999999999999999	3	0.6	0	2	0.7999999999999999
1638000	0.0	0.0	0.0	0.0	0.6	0.7999999999999999	3	0.6	0	2	0.7999999999999999
1641600	0.0	0.0	0.0	0.0	0.6	0.7999999999999999	3	0.6	0	2	0.7999999999999999
1645200	0.0	0.0	0.0	0.0	0.6	0.7999999999999999	3	0.6	0	2	0.7999999999999999
1648800	0.0	0.0	0.0	0.0	0.6	0.7999999999999999	3	0.6	0	2	0.7999999999999999
1652400	0.0	0.0	0.0	0.0	0.6	0.7999999999999999	3	0.6	0	2	0.7999999999999999
1656000	0.0	0.0	0.0	0.0	0.6	0.7999999999999999	3	0.6	0	2	0.7999999999999999
1659600	0.0	0.0	0.0	0.0	0.6	0.7999999999999999	3	0.6	0	2	0.7999999999999999
1663200	0.0	0.0	0.0	0.0	0.6	0.7999999999999999	3	0.6	0	2	0.7999999999999999
1666800	0.0	0.0	0.0	0.0	0.6	0.7999999999999999	3	0.6	0	2	0.7999999999999999
1670400	0.0	0.0	0.0	0.0	0.6	0.7999999999999999	3	0.6	0	2	0.7999999999999999
1674000	0.0	0.0	0.0	0.0	0.6	0.7999999999999999	3	0.6	0	2	0.7999999999999999
1677600	0.0	0.0	0.0	0.0	0.6	0.7999999999999999	3	0.6	0	2	0.7999999999999999
1681200	0.0	0.0	0.0	0.0	0.6	0.7999999999999999	3	0.6	0	2	0.7999999999999999
1684800	0.0	0.0	0.0	0.0	0.6	0.7999999999999999	3	0.6	0	2	0.7999999999999999
1688400	0.0	0.0	0.0	0.0	0.6	0.7999999999999999	3	0.6	0	2	0.7999999999999999
1692000	0.0	0.0	0.0	0.0	0.6	0.7999999999999999	3	0.6	0	2	0.7999999999999999
1695600	0.0	0.0	0.0	0.0	0.6	0.7999999999999999	3	0.6	0	2	0.7999999999999999
1699200	0.0	0.0	0.0	0.0	0.6	0.7999999999999999	3	0.6	0	2	0.7999999999999999
1702800	0.0	0.0	0.0	0.0	0.6	0.7999999999999999	3	0.6	0	2	0.7999999999999999
1706400	0.0	0.0	0.0	0.0	0.6	0.7999999999999999	3	0.6	0	2	0.7999999999999999
1710000	0.0	0.0	0.0	0.0	0.6	0.7999999999999999	3	0.6	0	2	0.7999999999999999
1713600	0.0	0.0	0.0	0.0	0.6	0.7999999999999999	3	0.6	0	2	0.7999999999999999
1717200	0.0	0.0	0.0	0.0	0.6	0.7999999999999999	3	0.6	0	2	0.7999999999999999
1720800	0.0	0.0	0.0	0.0	0.6	0.7999999999999999	3	0.6	0	2	0.7999999999999999
1724400	0.0	0.0	0.0	0.0	0.6	0.7999999999999999	3	0.6	0	2	0.7999999999999999
1728000	0.0	0.0	0.0	0.0	0.6	0.7999999999999999	3	0.6	0	2	0.7999999999999999
1731600	0.0	0.0	0.0	0.0	0.6	0.7999999999999999	3	0.6	0	2	0.7999999999999999
1735200	0.0	0.0	0.0	0.0	0.6	0.7999999999999999	3	0.6	0	2	0.7999999999999999
1738800	0.0	0.0	0.0	0.0	0.6	0.7999999999999999	3	0.6	0	2	0.7999999999999999
1742400	0.0	0.0	0.0	0.0	0.6	0.7999999999999999	3	0.6	0	2	0.7999999999999999
1746000	0.0	0.0	0.0	0.0	0.6	0.7999999999999999	3	0.6	0	2	0.7999999999999999
1749600	0.0	0.0	0.0	0.0	0.6	0.7999999999999999	3	0.6	0	2	0.7999999999999999
1753200	0.0	0.0	0.0	0.0	0.6	0.7999999999999999	3	0.6	0	2	0.7999999999999999
1756800	0.0	0.0	0.0	0.0	0.6	0.7999999999999999	3	0.6	0	2	0.7999999999999999
1760400	0.0	0.0	0.0	0.0	0.6	0.7999999999999999	3	0.6	0	2	0.7999999999999999
1764000	0.0	0.0	0.0	0.0	0.6	0.7999999999999999	3	0.6	0	2	0.7999999999999999
1767600	0.0	0.0	0.0	0.0	0.6	0.7999999999999999	3	0.6	0	2	0.7999999999999999
1771200	0.0	0.0	0.0	0.0	0.6	0.7999999999999999	3	0.6	0	2	0.7999999999999999
1774800	0.0	0.0	0.0	0.0	0.6	0.7999999999999999	3	0.6	0	2	0.7999999999999999
1778400	0.0	0.0	0.0	0.0	0.6	0.7999999999999999	3	0.6	0	2	0.7999999999999999
1782000	0.0	0.0	0.0	0.0	0.6	0.7999999999999999	3	0.6	0	2	0.7999999999999999
1785600	0.0	0.0	0.0	0.0	0.6	0.7999999999999999	3	0.6	0	2	0.7999999999999999
1789200	0.0	0.0	0.0	0.0	0.6	0.7999999999999999	3	0.6	0	2	0.7999999999999999
1792800	0.0	0.0	0.0	0.0	0.6	0.7999999999999999	3	0.6	0	2	0.7999999999999999
1796400	0.0	0.0	0.0	0.0	0.6	0.7999999999999999	3	0.6	0	2	0.7999999999999999
1800000	0.0	0.0	0.0	0.0	0.6	0.7999999999999999	3	0.6	0	2	0.7999999999999999
1803600	0.0	0.0	0.0	0.0	0.6	0.7999999999999999	3	0.6	0	2	0.7999999999999999
1807200	0.0	0.0	0.0	0.0	0.6	0.7999999999999999	3	0.6	0	2	0.7999999999999999
1810800	0.0	0.0	0.0	0.0	0.6	0.7999999999999999	3	0.6	0	2	0.7999999999999999
1814400	0.0	0.0	0.0	0.0	0.6	0.7999999999999999	3	0.6	0	2	0.7999999999999999
1818000	0.0	0.0	0.0	0.0	0.6	0.7999999999999999	3	0.6	0	2	0.7999999999999999
1821600	0.0	0.0	0.0	0.0	0.6	0.7999999999999999	3	0.6	0	2	0.7999999999999999
1825200	0.0	0.0	0.0	0.0	0.6	0.7999999999999999	3	0.6	0	2	0.7999999999999999
1828800	0.0	0.0	0.0	0.0	0.6	0.7999999999999999	3	0.6	0	2	0.7999999999999999
1832400	0.0	0.0	0.0	0.0	0.6	0.7999999999999999	3	0.6	0	2	0.7999999999999999
1836000	0.0	0.0	0.0	0.0	0.6	0.7999999999999999	3	0.6	0	2	0.7999999999999999
1839600	0.0	0.0	0.0	0.0	0.6	0.7999999999999999	3	0.6	0	2	0.7999999999999999
1843200	0.0	0.0	0.0	0.0	0.6	0.7999999999999999	3	0.6	0	2	0.7999999999999999
1846800	0.0	0.0	0.0	0.0	0.6	0.7999999999999999	3	0.6	0	2	0.7999999999999999
1850400	0.0	0.0	0.0	0.0	0.6	0.7999999999999999	3	0.6	0	2	0.7999999999999999
1854000	0.0	0.0	0.0	0.0	0.6	0.7999999999999999	3	0.6	0	2	0.7999999999999999
1857600	0.0	0.0	0.0	0.0	0.6	0.7999999999999999	3	0.6	0	2	0.7999999999999999
1861200	0.0	0.0	0.0	0.0	0.6	0.7999999999999999	3	0.6	0	2	0.7999999999999999
1864800	0.0	0.0	0.0	0.0	0.6	0.7999999999999999	3	0.6	0	2	0.7999999999999999
1868400	0.0	0.0	0.0	0.0	0.6	0.7999999999999999	3	0.6	0	2	0.7999999999999999
1872000	0.0	0.0	0.0	0.0	0.6	0.7999999999999999	3	0.6	0	2	0.7999999999999999
1875600	0.0	0.0	0.0	0.0	0.6	0.7999999999999999	3	0.6	0	2	0.7999999999999999
1879200	0.0	0.0	0.0	0.0	0.6	0.7999999999999999	3	0.6	0	2	0.7999999999999999
1882800	0.0	0.0	0.0	0.0	0.6	0.7999999999999999	3	0.6	0	2	0.7999999999999999
1886400	0.0	0.0	0.0	0.0	0.6	0.7999999999999999	3	0.6	0	2	0.7999999999999999
1890000	0.0	0.0	0.0	0.0	0.6	0.7999999999999999	3	0.6	0	2	0.7999999999999999
1893600	0.0	0.0	0.0	0.0	0.6	0.7999999999999999	3	0.6	0	2	0.7999999999999999
1897200	0.0	0.0	0.0	0.0	0.6	0.7999999999999999	3	0.6	0	2	0.7999999999999999
1900800	0.0	0.0	0.0	0.0	0.6	0.7999999999999999	3	0.6	0	2	0.7999999999999999
1904400	0.0	0.0	0.0	0.0	0.6	0.7999999999999999	3	0.6	0	2	0.7999999999999999
1908000	0.0	0.0	0.0	0.0	0.6	0.7999999999999999	3	0.6	0	2	0.7999999999999999
1911600	0.0	0.0	0.0	0.0	0.6	0.7999999999999999	3	0.6	0	2	0.7999999999999999
1915200	0.0	0.0	0.0	0.0	0.6	0.7999999999999999	3	0.6	0	2	0.7999999999999999
1918800	0.0	0.0	0.0	0.0	0.6	0.7999999999999999	3	0.6	0	2	0.7999999999999999
1922400	0.0	0.0	0.0	0.0	0.6	0.7999999999999999	3	0.6	0	2	0.7999999999999999
1926000	0.0	0.0	0.0	0.0	0.6	0.7999999999999999	3	0.6	0	2	0.7999999999999999
1929600	0.0	0.0	0.0	0.0	0.6	0.7999999999999999	3	0.6	0	2	0.7999999999999999
1933200	0.0	0.0	0.0	0.0	0.6	0.7999999999999999	3	0.6	0	2	0.7999999999999999
1936800	0.0	0.0	0.0	0.0	0.6	0.7999999999999999	3	0.6	0	2	0.7999999999999999
1940400	0.0	0.0	0.0	0.0	0.6	0.7999999999999999	3	0.6	0	2	0.7999999999999999
1944000	0.0	0.0	0.0	0.0	0.6	0.7999999999999999	3	0.6	0	2	0.7999999999999999
1947600	0.0	0.0	0.0	0.0	0.6	0.7999999999999999	3	0.6	0	2	0.7999999999999999
1951200	0.0	0.0	0.0	0.0	0.6	0.7999999999999999	3	0.6	0	2	0.7999999999999999
1954800	0.0	0.0	0.0	0.0	0.6	0.7999999999999999	3	0.6	0	2	0.7999999999999999
1958400	0.0	0.0	0.0	0.0	0.6	0.7999999999999999	3	0.6	0	2	0.7999999999999999
1962000	0.0	0.0	0.0	0.0	0.6	0.7999999999999999	3	0.6	0	2	0.7999999999999999
1965600	0.0	0.0	0.0	0.0	0.6	0.7999999999999999	3	0.6	0	2	0.7999999999999999
1969200	0.0	0.0	0.0	0.0	0.6	0.7999999999999999	3	0.6	0	2	0.7999999999999999
1972800	0.0	0.0	0.0	0.0	0.6	0.7999999999999999	3	0.6	0	2	0.7999999999999999
1976400	0.0	0.0	0.0	0.0	0.6	0.7999999999999999	3	0.6	0	2	0.7999999999999999
1980000	0.0	0.0	0.0	0.0	0.6	0.7999999999999999	3	0.6	0	2	0.7999999999999999
1983600	0.0	0.0	0.0	0.0	0.6	0.7999999999999999	3	0.6	0	2	0.7999999999999999
1987200	0.0	0.0	0.0	0.0	0.6	0.7999999999999999	3	0.6	0	2	0.7999999999999999
1990800	0.0	0.0	0.0	0.0	0.6	0.7999999999999999	3	0.6	0	2	0.7999999999999999
1994400	0.0	0.0	0.0	0.0	0.6	0.7999999999999999	3	0.6	0	2	0.7999999999999999
1998000	0.0	0.0	0.0	0.0	0.6	0.7999999999999999	3	0.6	0	2	0.7999999999999999
2001600	0.0	0.0	0.0	0.0	0.6	0.7999999999999999	3	0.6	0	2	0.7999999999999999
2005200	0.0	0.0	0.0	0.0	0.6	0.7999999999999999	3	0.6	0	2	0.7999999999999999
2008800	0.0	0.0	0.0	0.0	0.6	0.7999999999999999	3	0.6	0	2	0.7999999999999999
2012400	0.0	0.0	0.0	0.0	0.6	0.7999999999999999	3	0.6	0	2	0.7999999999999999
2016000	0.0	0.0	0.0	0.0	0.6	0.7999999999999999	3	0.6	0	2	0.7999999999999999
2019600	0.0	0.0	0.0	0.0	0.6	0.7999999999999999	3	0.6	0	2	0.7999999999999999
2023200	0.0	0.0	0.0	0.0	0.6	0.7999999999999999	3	0.6	0	2	0.7999999999999999
2026800	0.0	0.0	0.0	0.0	0.6	0.7999999999999999	3	0.6	0	2	0.7999999999999999
2030400	0.0	0.0	0.0	0.0	0.6	0.7999999999999999	3	0.6	0	2	0.7999999999999999
2034000	0.0	0.0	0.0	0.0	0.6	0.7999999999999999	3	0.6	0	2	0.7999999999999999
2037600	0.0	0.0	0.0	0.0	0.6	0.7999999999999999	3	0.6	0	2	0.7999999999999999
2041200	0.0	0.0	0.0	0.0	0.6	0.7999999999999999	3	0.6	0	2	0.7999999999999999
2044800	0.0	0.0	0.0	0.0	0.6	0.7999999999999999	3	0.6	0	2	0.7999999999999999
2048400	0.0	0.0	0.0	0.0	0.6	0.7999999999999999	3	0.6	0	2	0.7999999999999999
2052000	0.0	0.0	0.0	0.0	0.6	0.7999999999999999	3	0.6	0	2	0.7999999999999999
2055600	0.0	0.0	0.0	0.0	0.6	0.7999999999999999	3	0.6	0	2	0.7999999999999999
2059200	0.0	0.0	0.0	0.0	0.6	0.7999999999999999	3	0.6	0	2	0.7999999999999999
2062800	0.0	0.0	0.0	0.0	0.6	0.7999999999999999	3	0.6	0	2	0.7999999999999999
2066400	0.0	0.0	0.0	0.0	0.6	0.7999999999999999	3	0.6	0	2	0.7999999999999999
2070000	0.0	0.0	0.0	0.0	0.6	0.7999999999999999	3	0.6	0	2	0.7999999999999999
2073600	0.0	0.0	0.0	0.0	0.6	0.7999999999999999	3	0.6	0	2	0.7999999999999999
2077200	0.0	0.0	0.0	0.0	0.6	0.7999999999999999	3	0.6	0	2	0.7999999999999999
2080800	0.0	0.0	0.0	0.0	0.6	0.7999999999999999	3	0.6	0	2	0.7999999999999999
2084400	0.0	0.0	0.0	0.0	0.6	0.7999999999999999	3	0.6	0	2	0.7999999999999999
2088000	0.0	0.0	0.0	0.0	0.6	0.7999999999999999	3	0.6	0	2	0.7999999999999999
2091600	0.0	0.0	0.0	0.0	0.6	0.7999999999999999	3	0.6	0	2	0.7999999999999999
2095200	0.0	0.0	0.0	0.0	0.6	0.7999999999999999	3	0.6	0	2	0.7999999999999999
2098800	0.0	0.0	0.0	0.0	0.6	0.7999999999999999	3	0.6	0	2	0.7999999999999999
2102400	0.0	0.0	0.0	0.0	0.6	0.7999999999999999	3	0.6	0	2	0.7999999999999999
2106000	0.0	0.0	0.0	0.0	0.6	0.7999999999999999	3	0.6	0	2	0.7999999999999999
2109600	0.0	0.0	0.0	0.0	0.6	0.7999999999999999	3	0.6	0	2	0.7999999999999999
2113200	0.0	0.0	0.0	0.0	0.6	0.7999999999999999	3	0.6	0	2	0.7999999999999999
2116800	0.0	0.0	0.0	0.0	0.6	0.7999999999999999	3	0.6	0	2	0.7999999999999999
2120400	0.0	0.0	0.0	0.0	0.6	0.7999999999999999	3	0.6	0	2	0.7999999999999999
2124000	0.0	0.0	0.0	0.0	0.6	0.7999999999999999	3	0.6	0	2	0.7999999999999999
2127600	0.0	0.0	0.0	0.0	0.6	0.7999999999999999	3	0.6	0	2	0.7999999999999999
2131200	0.0	0.0	0.0	0.0	0.6	0.7999999999999999	3	0.6	0	2	0.7999999999999999
2134800	0.0	0.0	0.0	0.0	0.6	0.7999999999999999	3	0.6	0	2	0.7999999999999999
2138400	0.0	0.0	0.0	0.0	0.6	0.7999999999999999	3	0.6	0	2	0.7999999999999999
2142000	0.0	0.0	0.0	0.0	0.6	0.7999999999999999	3	0.6	0	2	0.7999999999999999
2145600	0.0	0.0	0.0	0.0	0.6	0.7999999999999999	3	0.6	0	2	0.7999999999999999
2149200	0.0	0.0	0.0	0.0	0.6	0.7999999999999999	3	0.6	0	2	0.7999999999999999
2152800	0.0	0.0	0.0	0.0	0.6	0.7999999999999999	3	0.6	0	2	0.7999999999999999
2156400	0.0	0.0	0.0	0.0	0.6	0.7999999999999999	3	0.6	0	2	0.7999999999999999
2160000	0.0	0.0	0.0	0.0	0.6	0.7999999999999999	3	0.6	0	2	0.7999999999999999
2163600	0.0	0.0	0.0	0.0	0.6	0.7999999999999999	3	0.6	0	2	0.7999999999999999
2167200	0.0	0.0	0.0	0.0	0.6	0.7999999999999999	3	0.6	0	2	0.7999999999999999
2170800	0.0	0.0	0.0	0.0	0.6	0.7999999999999999	3	0.6	0	2	0.7999999999999999
2174400	0.0	0.0	0.0	0.0	0.6	0.7999999999999999	3	0.6	0	2	0.7999999999999999
2178000	0.0	0.0	0.0	0.0	0.6	0.7999999999999999	3	0.6	0	2	0.7999999999999999
2181600	0.0	0.0	0.0	0.0	0.6	0.7999999999999999	3	0.6	0	2	0.7999999999999999
2185200	0.0	0.0	0.0	0.0	0.6	0.7999999999999999	3	0.6	0	2	0.7999999999999999
2188800	0.0	0.0	0.0	0.0	0.6	0.7999999999999999	3	0.6	0	2	0.7999999999999999
2192400	0.0	0.0	0.0	0.0	0.6	0.7999999999999999	3	0.6	0	2	0.7999999999999999
2196000	0.0	0.0	0.0	0.0	0.6	0.7999999999999999	3	0.6	0	2	0.7999999999999999
2199600	0.0	0.0	0.0	0.0	0.6	0.7999999999999999	3	0.6	0	2	0.7999999999999999
2203200	0.0	0.0	0.0	0.0	0.6	0.7999999999999999	3	0.6	0	2	0.7999999999999999
2206800	0.0	0.0	0.0	0.0	0.6	0.7999999999999999	3	0.6	0	2	0.7999999999999999
2210400	0.0	0.0	0.0	0.0	0.6	0.7999999999999999	3	0.6	0	2	0.7999999999999999
2214000	0.0	0.0	0.0	0.0	0.6	0.7999999999999999	3	0.6	0	2	0.7999999999999999
2217600	0.0	0.0	0.0	0.0	0.6	0.7999999999999999	3	0.6	0	2	0.7999999999999999
2221200	0.0	0.0	0.0	0.0	0.6	0.7999999999999999	3	0.6	0	2	0.7999999999999999
2224800	0.0	0.0	0.0	0.0	0.6	0.7999999999999999	3	0.6	0	2	0.7999999999999999
2228400	0.0	0.0	0.0	0.0	0.6	0.7999999999999999	3	0.6	0	2	0.7999999999999999
2232000	0.0	0.0	0.0	0.0	0.6	0.7999999999999999	3	0.6	0	2	0.7999999999999999
2235600	0.0	0.0	0.0	0.0	0.6	0.7999999999999999	3	0.6	0	2	0.7999999999999999
2239200	0.0	0.0	0.0	0.0	0.6	0.7999999999999999	3	0.6	0	2	0.7999999999999999
2242800	0.0	0.0	0.0	0.0	0.6	0.7999999999999999	3	0.6	0	2	0.7999999999999999
2246400	0.0	0.0	0.0	0.0	0.6	0.7999999999999999	3	0.6	0	2	0.7999999999999999
2250000	0.0	0.0	0.0	0.0	0.6	0.7999999999999999	3	0.6	0	2	0.7999999999999999
2253600	0.0	0.0	0.0	0.0	0.6	0.7999999999999999	3	0.6	0	2	0.7999999999999999
2257200	0.0	0.0	0.0	0.0	0.6	0.7999999999999999	3	0.6	0	2	0.7999999999999999
2260800	0.0	0.0	0.0	0.0	0.6	0.7999999999999999	3	0.6	0	2	0.7999999999999999
2264400	0.0	0.0	0.0	0.0	0.6	0.7999999999999999	3	0.6	0	2	0.7999999999999999
2268000	0.0	0.0	0.0	0.0	0.6	0.7999999999999999	3	0.6	0	2	0.7999999999999999
2271600	0.0	0.0	0.0	0.0	0.6	0.7999999999999999	3	0.6	0	2	0.7999999999999999
2275200	0.0	0.0	0.0	0.0	0.6	0.7999999999999999	3	0.6	0	2	0.7999999999999999
2278800	0.0	0.0	0.0	0.0	0.6	0.7999999999999999	3	0.6	0	2	0.7999999999999999
2282400	0.0	0.0	0.0	0.0	0.6	0.7999999999999999	3	0.6	0	2	0.7999999999999999
2286000	0.0	0.0	0.0	0.0	0.6	0.7999999999999999	3	0.6	0	2	0.7999999999999999
2289600	0.0	0.0	0.0	0.0	0.6	0.7999999999999999	3	0.6	0	2	0.7999999999999999
2293200	0.0	0.0	0.0	0.0	0.6	0.7999999999999999	3	0.6	0	2	0.7999999999999999
2296800	0.0	0.0	0.0	0.0	0.6	0.7999999999999999	3	0.6	0	2	0.7999999999999999
2300400	0.0	0.0	0.0	0.0	0.6	0.7999999999999999	3	0.6	0	2	0.7999999999999999
2304000	0.0	0.0	0.0	0.0	0.6	0.7999999999999999	3	0.6	0	2	0.7999999999999999
2307600	0.0	0.0	0.0	0.0	0.6	0.7999999999999999	3	0.6	0	2	0.7999999999999999
2311200	0.0	0.0	0.0	0.0	0.6	0.7999999999999999	3	0.6	0	2	0.7999999999999999
2314800	0.0	0.0	0.0	0.0	0.6	0.7999999999999999	3	0.6	0	2	0.7999999999999999
2318400	0.0	0.0	0.0	0.0	0.6	0.7999999999999999	3	0.6	0	2	0.7999999999999999
2322000	0.0	0.0	0.0	0.0	0.6	0.7999999999999999	3	0.6	0	2	0.7999999999999999
2325600	0.0	0.0	0.0	0.0	0.6	0.7999999999999999	3	0.6	0	2	0.7999999999999999
2329200	0.0	0.0	0.0	0.0	0.6	0.7999999999999999	3	0.6	0	2	0.7999999999999999
2332800	0.0	0.0	0.0	0.0	0.6	0.7999999999999999	3	0.6	0	2	0.7999999999999999
2336400	0.0	0.0	0.0	0.0	0.6	0.7999999999999999	3	0.6	0	2	0.7999999999999999
2340000	0.0	0.0	0.0	0.0	0.6	0.7999999999999999	3	0.6	0	2	0.7999999999999999
2343600	0.0	0.0	0.0	0.0	0.6	0.7999999999999999	3	0.6	0	2	0.7999999999999999
2347200	0.0	0.0	0.0	0.0	0.6	0.7999999999999999	3	0.6	0	2	0.7999999999999999
2350800	0.0	0.0	0.0	0.0	0.6	0.7999999999999999	3	0.6	0	2	0.7999999999999999
2354400	0.0	0.0	0.0	0.0	0.6	0.7999999999999999	3	0.6	0	2	0.7999999999999999
2358000	0.0	0.0	0.0	0.0	0.6	0.7999999999999999	3	0.6	0	2	0.7999999999999999
2361600	0.0	0.0	0.0	0.0	0.6	0.7999999999999999	3	0.6	0	2	0.7999999999999999
2365200	0.0	0.0	0.0	0.0	0.6	0.7999999999999999	3	0.6	0	2	0.7999999999999999
2368800	0.0	0.0	0.0	0.0	0.6	0.7999999999999999	3	0.6	0	2	0.7999999999999999
2372400	0.0	0.0	0.0	0.0	0.6	0.7999999999999999	3	0.6	0	2	0.7999999999999999
2376000	0.0	0.0	0.0	0.0	0.6	0.7999999999999999	3	0.6	0	2	0.7999999999999999
2379600	0.0	0.0	0.0	0.0	0.6	0.7999999999999999	3	0.6	0	2	0.7999999999999999
2383200	0.0	0.0	0.0	0.0	0.6	0.7999999999999999	3	0.6	0	2	0.7999999999999999
2386800	0.0	0.0	0.0	0.0	0.6	0.7999999999999999	3	0.6	0	2	0.7999999999999999
2390400	0.0	0.0	0.0	0.0	0.6	0.7999999999999999	3	0.6	0	2	0.7999999999999999
2394000	0.0	0.0	0.0	0.0	0.6	0.7999999999999999	3	0.6	0	2	0.7999999999999999
2397600	0.0	0.0	0.0	0.0	0.6	0.7999999999999999	3	0.6	0	2	0.7999999999999999
2401200	0.0	0.0	0.0	0.0	0.6	0.7999999999999999	3	0.6	0	2	0.7999999999999999
2404800	0.0	0.0	0.0	0.0	0.6	0.7999999999999999	3	0.6	0	2	0.7999999999999999
2408400	0.0	0.0	0.0	0.0	0.6	0.7999999999999999	3	0.6	0	2	0.7999999999999999
2412000	0.0	0.0	0.0	0.0	0.6	0.7999999999999999	3	0.6	0	2	0.7999999999999999
2415600	0.0	0.0	0.0	0.0	0.6	0.7999999999999999	3	0.6	0	2	0.7999999999999999
2419200	0.0	0.0	0.0	0.0	0.6	0.7999999999999999	3	0.6	0	2	0.7999999999999999
2422800	0.0	0.0	0.0	0.0	0.6	0.7999999999999999	3	0.6	0	2	0.7999999999999999
2426400	0.0	0.0	0.0	0.0	0.6	0.7999999999999999	3	0.6	0	2	0.7999999999999999
2430000	0.0	0.0	0.0	0.0	0.6	0.7999999999999999	3	0.6	0	2	0.7999999999999999
2433600	0.0	0.0	0.0	0.0	0.6	0.7999999999999999	3	0.6	0	2	0.7999999999999999
2437200	0.0	0.0	0.0	0.0	0.6	0.7999999999999999	3	0.6	0	2	0.7999999999999999
2440800	0.0	0.0	0.0	0.0	0.6	0.7999999999999999	3	0.6	0	2	0.7999999999999999
2444400	0.0	0.0	0.0	0.0	0.6	0.7999999999999999	3	0.6	0	2	0.7999999999999999
2448000	0.0	0.0	0.0	0.0	0.6	0.7999999999999999	3	0.6	0	2	0.7999999999999999
2451600	0.0	0.0	0.0	0.0	0.6	0.7999999999999999	3	0.6	0	2	0.7999999999999999
2455200	0.0	0.0	0.0	0.0	0.6	0.7999999999999999	3	0.6	0	2	0.7999999999999999
2458800	0.0	0.0	0.0	0.0	0.6	0.7999999999999999	3	0.6	0	2	0.7999999999999999
2462400	0.0	0.0	0.0	0.0	0.6	0.7999999999999999	3	0.6	0	2	0.7999999999999999
2466000	0.0	0.0	0.0	0.0	0.6	0.7999999999999999	3	0.6	0	2	0.7999999999999999
2469600	0.0	0.0	0.0	0.0	0.6	0.7999999999999999	3	0.6	0	2	0.7999999999999999
2473200	0.0	0.0	0.0	0.0	0.6	0.7999999999999999	3	0.6	0	2	0.7999999999999999
2476800	0.0	0.0	0.0	0.0	0.6	0.7999999999999999	3	0.6	0	2	0.7999999999999999
2480400	0.0	0.0	0.0	0.0	0.6	0.7999999999999999	3	0.6	0	2	0.7999999999999999
2484000	0.0	0.0	0.0	0.0	0.6	0.7999999999999999	3	0.6	0	2	0.7999999999999999
2487600	0.0	0.0	0.0	0.0	0.6	0.7999999999999999	3	0.6	0	2	0.7999999999999999
2491200	0.0	0.0	0.0	0.0	0.6	0.7999999999999999	3	0.6	0	2	0.7999999999999999
2494800	0.0	0.0	0.0	0.0	0.6	0.7999999999999999	3	0.6	0	2	0.7999999999999999
2498400	0.0	0.0	0.0	0.0	0.6	0.7999999999999999	3	0.6	0	2	0.7999999999999999
2502000	0.0	0.0	0.0	0.0	0.6	0.7999999999999999	3	0.6	0	2	0.7999999999999999
2505600	0.0	0.0	0.0	0.0	0.6	0.7999999999999999	3	0.6	0	2	0.7999999999999999
2509200	0.0	0.0	0.0	0.0	0.6	0.7999999999999999	3	0.6	0	2	0.7999999999999999
2512800	0.0	0.0	0.0	0.0	0.6	0.7999999999999999	3	0.6	0	2	0.7999999999999999
2516400	0.0	0.0	0.0	0.0	0.6	0.7999999999999999	3	0.6	0	2	0.7999999999999999
2520000	0.0	0.0	0.0	0.0	0.6	0.7999999999999999	3	0.6	0	2	0.7999999999999999
2523600	0.0	0.0	0.0	0.0	0.6	0.7999999999999999	3	0.6	0	2	0.7999999999999999
2527200	0.0	0.0	0.0	0.0	0.6	0.7999999999999999	3	0.6	0	2	0.7999999999999999
2530800	0.0	0.0	0.0	0.0	0.6	0.7999999999999999	3	0.6	0	2	0.7999999999999999
2534400	0.0	0.0	0.0	0.0	0.6	0.7999999999999999	3	0.6	0	2	0.7999999999999999
2538000	0.0	0.0	0.0	0.0	0.6	0.7999999999999999	3	0.6	0	2	0.7999999999999999
2541600	0.0	0.0	0.0	0.0	0.6	0.7999999999999999	3	0.6	0	2	0.7999999999999999
2545200	0.0	0.0	0.0	0.0	0.6	0.7999999999999999	3	0.6	0	2	0.7999999999999999
2548800	0.0	0.0	0.0	0.0	0.6	0.7999999999999999	3	0.6	0	2	0.7999999999999999
2552400	0.0	0.0	0.0	0.0	0.6	0.7999999999999999	3	0.6	0	2	0.7999999999999999
2556000	0.0	0.0	0.0	0.0	0.6	0.7999999999999999	3	0.6	0	2	0.7999999999999999
2559600	0.0	0.0	0.0	0.0	0.6	0.7999999999999999	3	0.6	0	2	0.7999999999999999
2563200	0.0	0.0	0.0	0.0	0.6	0.7999999999999999	3	0.6	0	2	0.7999999999999999
2566800	0.0	0.0	0.0	0.0	0.6	0.7999999999999999	3	0.6	0	2	0.7999999999999999
2570400	0.0	0.0	0.0	0.0	0.6	0.7999999999999999	3	0.6	0	2	0.7999999999999999
2574000	0.0	0.0	0.0	0.0	0.6	0.7999999999999999	3	0.6	0	2	0.7999999999999999
2577600	0.0	0.0	0.0	0.0	0.6	0.7999999999999999	3	0.6	0	2	0.7999999999999999
2581200	0.0	0.0	0.0	0.0	0.6	0.7999999999999999	3	0.6	0	2	0.7999999999999999
2584800	0.0	0.0	0.0	0.0	0.6	0.7999999999999999	3	0.6	0	2	0.7999999999999999
2588400	0.0	0.0	0.0	0.0	0.6	0.7999999999999999	3	0.6	0	2	0.7999999999999999
